PLAYER,TEAM,AGE,GP,W,L,MIN,PTS,FGM,FGA,FG%,3PM,3PA,3P%,FTM,FTA,FT%,OREB,DREB,REB,AST,TOV,STL,BLK,PF,FP,DD2,TD3,+/-
Kevin_Durant,BKN,33,38,24,14,36.5,29.5,10.6,20.3,52.0,1.9,5.2,37.2,6.5,7.2,89.8,0.6,6.7,7.3,5.8,3.1,0.8,1.0,1.9,49.0,11,2,2.7
Joel_Embiid,PHI,27,51,35,16,33.1,29.5,9.3,19.0,49.0,1.3,3.7,35.1,9.6,11.6,82.2,1.9,9.2,11.2,4.4,3.0,1.1,1.4,2.7,53.9,31,2,5.2
LeBron_James,LAL,37,46,22,24,36.8,29.4,11.1,21.2,52.2,2.8,7.9,35.4,4.5,5.9,76.4,1.1,7.0,8.1,6.2,3.4,1.5,1.0,2.2,52.4,18,4,-1.3
Giannis_Antetokounmpo,MIL,27,54,35,19,32.8,29.2,10.0,18.4,54.4,1.1,3.8,29.6,8.2,11.3,72.2,2.0,9.6,11.6,6.0,3.3,1.0,1.4,3.2,56.2,36,4,6.3
DeMar_DeRozan,CHI,32,60,37,23,35.8,28.1,10.3,20.2,51.2,0.7,1.8,36.4,6.8,7.8,86.6,0.8,4.5,5.3,5.1,2.4,0.9,0.3,2.2,43.5,5,0,3.1
Trae_Young,ATL,23,58,29,29,34.6,28.0,9.4,20.5,45.7,2.9,7.7,38.2,6.3,7.0,89.7,0.6,3.2,3.8,9.3,4.0,0.9,0.1,1.6,45.8,31,0,1.5
Luka_Doncic,DAL,23,48,32,16,35.6,27.8,9.8,21.8,45.0,2.8,8.3,33.2,5.5,7.4,73.9,0.9,8.3,9.2,8.8,4.6,1.2,0.5,2.4,52.5,33,9,2.3
Ja_Morant,MEM,22,52,32,20,33.3,27.6,10.3,20.8,49.4,1.6,4.7,34.3,5.5,7.3,76.1,1.3,4.4,5.8,6.6,3.4,1.2,0.4,1.5,45.7,9,1,3.1
Jayson_Tatum,BOS,24,62,37,25,36.2,26.5,9.1,20.9,43.8,2.9,8.5,33.4,5.4,6.3,84.9,1.2,7.0,8.2,4.2,2.9,0.9,0.7,2.4,44.7,19,0,7.0
Donovan_Mitchell,UTA,25,51,35,16,33.6,25.8,9.3,20.3,45.5,3.5,9.7,35.8,3.9,4.5,84.9,0.9,3.2,4.0,5.3,3.0,1.6,0.2,2.5,41.3,3,0,5.9
Stephen_Curry,GSW,33,59,41,18,34.8,25.8,8.5,19.6,43.2,4.6,12.0,37.9,4.3,4.7,91.8,0.6,4.7,5.2,6.4,3.2,1.3,0.4,2.1,43.6,12,2,7.8
Nikola_Jokic,DEN,27,57,36,21,33.1,25.8,9.8,17.2,57.1,1.6,4.3,36.3,4.6,5.7,81.1,2.8,11.0,13.8,8.0,3.8,1.4,0.8,2.5,57.1,51,17,6.7
Devin_Booker,PHX,25,54,44,10,34.4,25.6,9.3,20.8,44.8,2.6,7.1,36.8,4.4,5.1,86.4,0.8,4.4,5.2,4.6,2.4,1.1,0.4,2.5,41.0,3,0,5.9
Kyrie_Irving,BKN,29,16,5,11,36.4,24.7,9.3,20.3,45.8,2.4,6.7,36.4,3.6,3.9,92.1,0.6,4.2,4.8,5.4,2.4,1.3,0.6,2.5,41.5,1,0,-0.4
Paul_George,LAC,31,26,14,12,35.5,24.7,9.0,21.4,42.1,2.7,8.3,32.3,4.0,4.5,88.0,0.4,6.7,7.1,5.5,4.2,2.0,0.4,2.5,44.5,6,0,0.9
Karl-Anthony_Towns,MIN,26,58,34,24,34.0,24.6,8.8,16.7,52.7,2.1,5.1,40.2,4.9,6.1,81.8,2.6,7.0,9.6,3.9,3.0,1.0,1.1,3.6,45.4,29,1,2.8
Zach_LaVine,CHI,26,52,32,20,34.7,24.6,8.8,18.2,48.3,2.9,7.2,39.8,4.2,4.8,86.5,0.3,4.6,4.8,4.5,2.7,0.6,0.4,1.8,37.4,0,0,1.3
Shai_Gilgeous-Alexander,OKC,23,49,16,33,34.6,24.0,8.3,18.7,44.4,1.6,5.4,28.6,5.8,7.2,80.8,0.7,4.2,4.9,5.6,2.7,1.2,0.8,2.4,41.7,5,1,-3.9
Damian_Lillard,POR,31,29,12,17,36.4,24.0,7.7,19.0,40.2,3.2,9.8,32.4,5.5,6.2,87.8,0.4,3.7,4.1,7.3,2.9,0.6,0.4,1.3,39.9,8,0,-1.0
Bradley_Beal,WAS,28,40,17,23,36.0,23.2,8.7,19.3,45.1,1.6,5.3,30.0,4.2,5.1,83.3,1.0,3.8,4.7,6.6,3.4,0.9,0.4,2.4,39.3,4,0,-2.6
Jaylen_Brown,BOS,25,51,31,20,33.7,23.2,8.5,18.3,46.3,2.5,7.2,35.1,3.7,4.8,76.7,0.8,5.4,6.2,3.3,2.8,1.1,0.3,2.5,36.9,8,1,5.8
Anthony_Davis,LAL,28,37,17,20,35.1,23.1,9.2,17.2,53.7,0.3,1.8,18.2,4.4,6.1,70.9,2.8,6.9,9.7,2.9,2.1,1.2,2.3,2.5,47.7,17,0,-1.8
James_Harden,PHI,32,48,30,18,36.9,22.9,6.7,15.7,42.5,2.4,6.9,34.4,7.1,8.1,87.2,0.9,7.0,7.9,10.3,4.6,1.3,0.6,2.5,49.0,32,10,1.9
Brandon_Ingram,NOP,24,50,25,25,34.2,22.8,8.4,18.2,46.2,1.4,4.3,33.5,4.5,5.5,81.6,0.7,5.0,5.7,5.5,2.7,0.6,0.5,2.2,38.5,7,0,1.9
De'Aaron_Fox,SAC,24,54,21,33,34.9,22.5,8.5,18.0,47.2,1.1,3.9,27.8,4.5,6.0,74.8,0.4,3.4,3.8,5.4,2.7,1.1,0.4,2.9,37.1,3,0,-3.3
CJ_McCollum,NOP,30,46,20,26,35.3,21.7,8.5,18.7,45.5,3.0,7.8,38.8,1.7,2.3,72.2,1.0,3.5,4.6,4.9,1.9,1.1,0.5,2.1,37.2,2,0,-1.7
Pascal_Siakam,TOR,27,51,26,25,37.6,21.5,8.3,17.1,48.3,1.0,3.0,33.8,4.0,5.4,73.6,2.0,6.4,8.4,5.0,2.7,1.3,0.7,3.5,42.2,20,0,2.8
Fred_VanVleet,TOR,28,52,29,23,38.2,21.4,7.2,17.3,41.5,4.0,10.0,39.8,3.0,3.4,87.6,0.8,3.8,4.5,6.9,2.7,1.6,0.5,2.4,40.9,10,1,2.1
Jimmy_Butler,MIA,32,45,30,15,34.1,21.4,7.0,14.9,46.8,0.4,1.9,19.8,7.0,8.1,87.3,1.9,4.3,6.1,5.7,2.2,1.8,0.5,1.6,41.9,12,4,4.5
Anthony_Edwards,MIN,20,56,30,26,34.6,21.4,7.6,17.7,43.2,2.9,8.5,34.7,3.1,4.1,76.8,0.9,3.8,4.7,3.7,2.8,1.5,0.7,2.3,36.4,4,0,3.0
Darius_Garland,CLE,22,50,30,20,34.7,20.6,7.9,16.4,47.8,2.6,6.9,38.2,2.2,2.5,90.3,0.5,2.8,3.3,8.1,3.9,1.2,0.1,1.8,36.9,18,1,6.0
Tyler_Herro,MIA,22,52,34,18,32.7,20.6,7.6,17.3,43.8,2.6,6.7,38.1,2.8,3.3,86.5,0.5,4.3,4.9,4.0,2.7,0.7,0.2,1.5,32.1,2,0,3.8
Dejounte_Murray,SAS,25,56,23,33,34.6,20.4,8.4,18.1,46.2,1.3,4.0,31.7,2.4,3.1,77.3,1.3,7.1,8.4,9.4,2.5,2.0,0.3,2.0,49.1,32,12,0.5
Khris_Middleton,MIL,30,53,35,18,32.4,20.2,6.8,15.3,44.6,2.4,6.5,36.5,4.1,4.7,88.7,0.7,4.8,5.5,5.2,2.9,1.1,0.2,2.5,35.7,4,0,4.8
Miles_Bridges,CHA,23,63,30,33,36.2,19.7,7.3,15.2,48.0,1.8,5.8,30.6,3.3,4.1,80.0,1.2,6.0,7.2,3.7,2.0,1.0,0.9,2.6,37.6,13,0,1.2
LaMelo_Ball,CHA,20,58,28,30,32.2,19.7,7.0,16.8,41.8,2.7,7.2,37.0,3.0,3.5,86.6,1.6,5.3,6.9,7.3,3.2,1.5,0.4,3.2,41.6,18,5,0.0
Julius_Randle,NYK,27,62,26,36,35.4,19.6,7.0,16.9,41.4,1.5,5.1,30.0,4.1,5.3,76.4,1.8,8.2,10.0,5.2,3.5,0.7,0.5,2.8,39.8,28,1,-3.6
Kristaps_Porzingis,WAS,26,35,20,15,29.2,19.4,6.7,14.9,45.4,1.5,5.1,29.4,4.4,5.1,86.1,1.9,5.7,7.6,2.0,1.5,0.7,1.7,2.6,37.3,9,0,1.4
Terry_Rozier,CHA,27,56,27,29,33.9,19.4,7.1,16.2,43.8,3.1,8.2,37.5,2.1,2.6,83.3,0.8,3.6,4.4,4.4,1.3,1.2,0.4,1.6,34.6,3,1,0.3
Malcolm_Brogdon,IND,29,33,13,20,33.5,19.3,6.7,15.0,44.8,1.7,5.3,32.2,4.2,4.9,85.2,0.9,4.4,5.3,5.8,2.0,0.9,0.4,2.0,36.2,5,1,1.6
D'Angelo_Russell,MIN,26,51,31,20,32.2,19.3,6.6,15.8,41.9,2.9,8.4,35.0,3.1,3.8,82.4,0.4,3.0,3.4,7.0,2.6,1.0,0.4,2.2,35.5,11,0,4.2
RJ_Barrett,NYK,21,53,23,30,33.6,19.0,6.6,16.1,41.2,2.0,5.7,35.4,3.7,5.3,70.0,0.8,4.9,5.8,2.8,2.1,0.5,0.3,2.1,30.5,3,0,-3.5
Jerami_Grant,DET,27,39,9,30,32.2,19.0,6.3,15.0,41.7,1.8,5.3,33.7,4.7,5.6,84.3,0.7,3.4,4.1,2.6,1.9,0.9,1.1,2.3,31.9,1,0,-5.5
Bam_Adebayo,MIA,24,40,26,14,33.3,18.9,7.2,13.5,53.4,0.0,0.1,0.0,4.4,5.9,74.3,2.6,7.7,10.3,3.6,2.7,1.5,0.8,3.2,40.9,22,0,5.1
Norman_Powell,LAC,28,43,13,30,32.9,18.8,6.2,13.6,45.7,2.3,5.7,40.7,4.1,5.1,80.7,0.5,2.8,3.3,2.2,1.6,1.0,0.4,2.3,28.7,0,0,-5.3
Domantas_Sabonis,SAC,25,57,20,37,34.3,18.6,7.2,12.4,58.0,0.6,2.1,31.4,3.6,5.0,72.9,3.3,8.9,12.2,5.2,3.1,0.9,0.4,3.3,42.0,43,5,0.1
Jrue_Holiday,MIL,31,52,36,16,33.3,18.6,7.3,14.3,50.9,2.0,4.7,42.4,2.1,2.7,76.8,1.1,3.6,4.7,6.7,2.7,1.5,0.5,2.0,37.5,9,0,6.3
Dillon_Brooks,MEM,26,21,13,8,27.9,18.4,6.9,16.2,42.6,1.6,4.8,32.7,3.0,3.4,88.9,0.8,2.5,3.3,2.7,1.8,1.3,0.2,3.3,29.1,0,0,5.1
Caris_LeVert,CLE,27,43,17,26,31.1,18.2,7.0,15.8,44.3,1.5,4.7,32.0,2.7,3.5,76.0,0.7,2.9,3.6,4.4,1.9,1.0,0.4,2.3,31.4,1,0,-0.8
Russell_Westbrook,LAL,33,62,28,34,34.4,18.1,6.9,15.9,43.4,1.0,3.4,28.4,3.3,5.0,67.0,1.4,6.2,7.6,7.2,4.0,1.0,0.3,3.0,38.0,23,9,-2.4
PLAYER,TEAM,AGE,GP,W,L,MIN,PTS,FGM,FGA,FG%,3PM,3PA,3P%,FTM,FTA,FT%,OREB,DREB,REB,AST,TOV,STL,BLK,PF,FP,DD2,TD3,+/-
Tobias_Harris,PHI,29,54,33,21,35.2,18.1,7.0,14.7,47.7,1.2,3.5,34.0,2.8,3.3,86.0,1.1,6.1,7.1,3.5,1.7,0.6,0.7,2.1,34.0,8,1,1.4
Nikola_Vucevic,CHI,31,57,35,22,33.8,17.9,7.6,16.1,47.3,1.5,4.7,30.7,1.2,1.6,75.5,2.0,9.6,11.5,3.5,1.9,1.0,1.1,2.5,41.4,37,0,1.5
Gary_Trent_Jr.,TOR,23,55,32,23,34.7,17.9,6.4,15.5,41.3,3.0,8.0,37.6,2.1,2.5,82.6,0.3,2.3,2.6,2.1,1.0,1.9,0.3,2.1,29.5,0,0,1.6
Christian_Wood,HOU,26,60,16,44,31.2,17.9,6.5,13.2,49.4,1.9,4.9,38.1,3.0,4.9,60.8,1.8,8.4,10.1,2.2,1.8,0.8,1.0,2.5,36.9,29,0,-6.4
Desmond_Bane,MEM,23,62,42,20,30.2,17.8,6.6,14.5,45.5,2.9,7.0,41.2,1.7,1.9,90.7,0.5,3.9,4.4,2.5,1.5,1.1,0.4,2.6,30.1,0,0,2.6
Bojan_Bogdanovic,UTA,32,61,40,21,31.0,17.8,6.1,13.4,45.3,2.6,6.7,38.3,3.1,3.5,87.0,0.9,3.4,4.3,1.7,1.8,0.4,0.0,1.6,25.1,3,0,3.5
Jonas_Valanciunas,NOP,29,58,26,32,31.0,17.8,6.9,12.8,53.7,0.9,2.3,37.6,3.2,3.9,81.4,3.1,8.5,11.6,2.5,2.5,0.5,0.9,3.4,36.9,39,0,0.8
Tyrese_Maxey,PHI,21,56,33,23,35.6,17.6,6.5,13.5,48.3,1.6,3.7,42.3,3.0,3.5,86.2,0.4,3.2,3.6,4.5,1.2,0.8,0.5,2.1,31.1,1,0,2.6
OG_Anunoby,TOR,24,42,26,16,36.7,17.5,6.6,15.1,43.6,2.4,6.8,35.1,1.9,2.5,74.8,1.6,3.9,5.5,2.6,1.8,1.5,0.6,3.0,32.6,3,0,1.6
Andrew_Wiggins,GSW,27,59,39,20,31.7,17.4,6.6,14.0,47.3,2.2,5.5,40.7,2.0,3.1,63.6,1.1,3.2,4.3,2.2,1.5,1.1,0.7,2.1,29.9,0,0,4.0
Cole_Anthony,ORL,21,51,14,37,33.0,17.4,5.9,15.0,39.4,2.1,6.4,33.3,3.4,4.0,85.6,0.5,5.2,5.7,5.7,2.8,0.8,0.3,2.7,33.4,8,0,-3.2
Anfernee_Simons,POR,22,57,25,32,29.5,17.3,6.2,14.0,44.3,3.1,7.8,40.5,1.8,2.0,88.8,0.5,2.2,2.6,3.9,2.0,0.5,0.1,1.9,26.2,2,0,-1.5
Kyle_Kuzma,WAS,26,60,29,31,33.6,17.2,6.4,14.1,45.6,1.9,5.7,34.2,2.4,3.3,72.5,1.1,7.7,8.7,3.4,2.5,0.7,0.9,1.9,35.0,24,1,-3.4
Harrison_Barnes,SAC,29,61,21,40,33.9,17.2,5.2,11.0,47.0,2.0,4.7,41.6,4.9,5.9,83.2,1.1,4.8,6.0,2.5,1.6,0.8,0.2,1.2,29.2,4,0,-4.5
Luguentz_Dort,OKC,22,51,17,34,32.7,17.2,5.7,14.2,40.4,2.5,7.7,33.2,3.2,3.7,84.3,0.7,3.4,4.2,1.7,1.7,0.9,0.4,2.9,26.8,0,0,-5.8
Reggie_Jackson,LAC,31,62,32,30,30.9,16.9,6.4,16.2,39.5,2.3,6.9,32.6,1.9,2.2,84.1,0.5,3.1,3.7,4.7,2.3,0.7,0.2,2.0,28.8,4,0,-0.5
John_Collins,ATL,24,51,25,26,31.1,16.6,6.5,12.0,53.6,1.2,3.2,38.0,2.5,3.2,79.0,1.8,6.1,7.9,1.9,1.1,0.6,1.1,3.0,33.0,15,0,0.7
Deandre_Ayton,PHX,23,43,33,10,29.4,16.6,7.3,11.5,64.1,0.1,0.3,38.5,1.8,2.5,71.3,2.4,7.3,9.7,1.4,1.6,0.8,0.8,2.3,33.6,19,0,4.4
Klay_Thompson,GSW,32,19,10,9,25.7,16.5,6.0,14.6,41.0,2.8,7.5,37.1,1.7,1.8,94.3,0.4,3.5,3.9,3.0,1.5,0.6,0.6,1.5,27.7,0,0,3.1
Jaren_Jackson_Jr.,MEM,22,65,43,22,27.6,16.3,5.6,13.5,41.4,1.6,5.2,31.1,3.6,4.4,79.9,1.6,4.4,6.0,1.0,1.7,1.0,2.2,3.5,32.8,7,0,3.2
Kelly_Oubre_Jr.,CHA,26,59,28,31,28.4,16.3,5.9,13.5,43.5,2.8,8.1,34.5,1.8,2.7,67.1,1.1,3.0,4.1,1.2,1.0,1.2,0.4,2.6,26.8,1,0,-0.4
Cade_Cunningham,DET,20,50,16,34,31.9,16.3,6.2,15.5,40.0,1.9,6.0,32.2,1.9,2.3,84.2,1.0,4.8,5.8,5.1,3.5,1.2,0.6,3.1,33.0,7,2,-4.9
Jordan_Poole,GSW,22,58,39,19,28.6,16.3,5.6,12.6,44.2,2.3,6.8,33.8,2.9,3.1,92.7,0.5,2.6,3.1,3.5,2.3,0.8,0.3,2.5,26.2,0,0,4.1
Saddiq_Bey,DET,22,64,17,47,33.6,16.2,5.6,14.0,39.6,2.6,7.4,34.8,2.5,3.0,83.2,1.5,4.3,5.8,2.8,1.3,0.8,0.2,1.6,29.3,6,0,-6.7
Jalen_Brunson,DAL,25,63,39,24,32.2,16.2,6.4,12.8,50.4,1.2,3.1,38.9,2.1,2.5,81.9,0.5,3.2,3.7,5.3,1.7,0.9,0.0,2.0,29.8,6,0,2.8
Jarrett_Allen,CLE,23,56,35,21,32.3,16.1,6.6,9.7,67.7,0.0,0.2,10.0,2.9,4.2,70.8,3.4,7.3,10.8,1.6,1.7,0.8,1.3,1.7,36.2,32,0,2.4
Gordon_Hayward,CHA,31,48,26,22,32.2,16.1,5.9,12.7,46.0,1.8,4.5,39.0,2.6,3.1,84.6,0.8,3.8,4.6,3.6,1.7,1.0,0.5,1.8,29.6,1,0,-0.3
Collin_Sexton,CLE,23,11,7,4,28.8,16.0,6.2,13.7,45.0,1.0,4.1,24.4,2.6,3.5,74.4,1.2,2.1,3.3,2.1,2.8,0.9,0.0,2.3,23.0,0,0,-2.7
Keldon_Johnson,SAS,22,59,23,36,31.3,15.9,5.9,12.7,46.5,1.9,4.7,41.7,2.1,2.8,74.4,1.1,4.9,6.0,1.8,1.3,0.8,0.1,1.9,27.2,5,0,0.7
Rudy_Gobert,UTA,29,49,34,15,32.1,15.7,5.7,8.0,71.1,0.0,0.0,0.0,4.3,6.3,68.2,3.7,11.2,14.8,1.2,1.8,0.7,2.2,2.6,42.2,40,0,6.3
Marcus_Morris_Sr.,LAC,32,41,20,21,29.5,15.7,5.7,13.1,43.4,2.0,5.2,39.1,2.2,2.6,86.0,0.5,4.0,4.5,2.1,1.3,0.6,0.3,2.3,25.4,2,0,-2.5
Franz_Wagner,ORL,20,65,16,49,31.8,15.6,6.0,12.7,46.9,1.3,3.6,37.2,2.4,2.8,85.2,1.0,3.6,4.7,3.0,1.6,0.9,0.5,2.2,28.2,2,0,-3.8
Bobby_Portis,MIL,27,56,35,21,29.0,15.5,6.0,12.5,48.4,2.1,4.9,41.5,1.4,1.9,74.0,2.5,6.5,9.1,1.2,1.4,0.8,0.8,2.6,31.4,21,0,4.9
Jordan_Clarkson,UTA,29,60,38,22,26.2,15.5,5.7,14.0,40.7,2.5,7.8,31.6,1.7,2.0,84.0,0.7,2.6,3.3,2.4,1.6,0.8,0.2,1.9,24.3,0,0,4.5
Jalen_Green,HOU,20,49,8,41,31.1,15.3,5.2,13.1,40.0,2.0,6.4,31.2,2.8,3.5,79.7,0.5,2.8,3.3,2.5,2.1,0.7,0.2,1.5,23.6,0,0,-10.1
Buddy_Hield,IND,29,65,23,42,30.3,15.3,5.3,13.3,39.8,3.3,9.0,36.3,1.4,1.6,87.5,0.8,3.5,4.3,2.4,1.7,0.9,0.3,2.1,25.8,0,0,-1.9
Seth_Curry,BKN,31,54,30,24,34.3,15.1,5.7,11.9,48.3,2.3,5.7,41.0,1.4,1.6,86.9,0.4,3.0,3.4,3.9,1.8,0.8,0.2,2.3,26.2,1,0,2.3
Jusuf_Nurkic,POR,27,56,25,31,28.2,15.0,5.7,10.7,53.5,0.3,1.0,26.8,3.3,4.8,69.0,3.0,8.1,11.1,2.8,2.6,1.1,0.6,3.4,35.1,30,0,0.2
Tyrese_Haliburton,IND,22,61,23,38,35.0,15.0,5.4,11.7,46.4,2.1,5.2,41.1,1.9,2.3,83.1,0.7,3.4,4.1,7.8,2.5,1.8,0.7,1.5,36.3,18,0,-4.6
Chris_Paul,PHX,36,58,48,10,33.0,14.9,5.6,11.5,48.7,1.0,3.1,33.0,2.7,3.2,84.3,0.3,4.2,4.5,10.7,2.4,1.9,0.3,2.0,40.4,31,2,7.2
Scottie_Barnes,TOR,20,56,29,27,35.4,14.9,6.0,12.3,48.7,0.8,2.6,30.6,2.2,3.0,73.4,2.6,5.0,7.6,3.3,1.9,1.1,0.8,2.6,32.8,9,0,-0.3
Will_Barton,DEN,31,57,33,24,31.8,14.8,5.6,12.8,43.9,2.2,6.1,35.7,1.5,1.9,79.2,0.6,4.3,4.9,3.8,1.8,0.8,0.5,1.5,28.7,1,0,1.3
Aaron_Gordon,DEN,26,59,36,23,31.7,14.7,5.7,11.0,51.8,1.1,3.5,32.2,2.2,3.0,72.7,1.6,4.1,5.7,2.5,1.8,0.7,0.5,1.9,27.2,4,0,4.4
Evan_Mobley,CLE,20,56,34,22,34.1,14.6,5.9,11.9,49.9,0.4,1.4,26.0,2.4,3.6,67.0,2.0,6.2,8.2,2.6,2.0,0.8,1.7,2.2,33.6,16,0,1.7
Evan_Fournier,NYK,29,62,25,37,29.8,14.3,5.2,12.3,42.1,3.0,7.6,39.2,1.0,1.5,69.2,0.5,2.3,2.8,1.8,1.3,0.9,0.3,2.1,22.8,0,0,-2.1
Wendell_Carter_Jr.,ORL,22,54,12,42,29.6,14.3,5.5,10.6,51.7,1.1,3.5,32.3,2.2,3.2,70.2,2.2,8.2,10.4,2.7,1.9,0.6,0.7,2.7,32.9,28,0,-2.4
Tim_Hardaway_Jr.,DAL,29,42,24,18,29.6,14.2,5.0,12.6,39.4,2.4,7.2,33.6,1.9,2.5,75.7,0.3,3.4,3.7,2.2,0.8,0.9,0.1,1.8,24.3,0,0,0.9
Montrezl_Harrell,CHA,28,55,25,30,24.6,14.1,5.4,8.5,63.5,0.1,0.3,25.0,3.3,4.6,70.8,2.2,4.6,6.8,2.1,1.1,0.4,0.7,2.0,27.3,7,0,1.0
Bogdan_Bogdanovic,ATL,29,45,22,23,29.3,14.1,5.2,11.8,43.9,2.6,6.9,37.5,1.2,1.5,81.8,0.4,3.6,4.0,2.9,1.1,1.0,0.2,2.0,25.8,0,0,1.7
Dennis_Schroder,HOU,28,55,28,27,29.4,14.0,5.1,11.8,42.9,1.3,4.0,33.6,2.5,2.9,85.1,0.6,2.9,3.5,4.6,2.3,0.8,0.1,2.5,25.5,1,0,-0.1
PLAYER,TEAM,AGE,GP,W,L,MIN,PTS,FGM,FGA,FG%,3PM,3PA,3P%,FTM,FTA,FT%,OREB,DREB,REB,AST,TOV,STL,BLK,PF,FP,DD2,TD3,+/-
Kevin_Love,CLE,33,56,31,25,22.3,14.0,4.4,10.4,42.0,2.5,6.3,39.2,2.7,3.2,85.5,1.1,6.1,7.2,2.2,1.2,0.3,0.2,1.2,26.4,10,0,2.8
Eric_Gordon,HOU,33,52,16,36,29.6,13.9,4.9,10.3,47.5,2.2,5.4,41.1,1.9,2.5,76.6,0.3,1.8,2.0,2.8,2.0,0.5,0.3,1.1,21.1,0,0,-3.9
Josh_Hart,POR,27,47,19,28,33.3,13.9,4.9,9.7,50.4,1.1,3.5,32.5,2.9,3.9,75.3,1.2,6.2,7.4,4.1,2.1,1.1,0.3,2.9,31.0,12,0,-2.4
Lauri_Markkanen,CLE,24,44,25,19,30.3,13.9,4.9,11.5,42.6,2.1,6.0,34.2,2.0,2.3,85.4,1.0,4.5,5.5,1.4,0.9,0.7,0.5,1.8,25.5,2,0,4.0
Derrick_White,BOS,27,59,28,31,29.5,13.9,4.8,11.2,42.4,1.6,5.1,30.7,2.8,3.2,86.2,0.6,2.9,3.5,5.1,1.7,1.0,0.9,2.3,29.6,2,0,1.6
Kevin_Porter_Jr.,HOU,21,43,12,31,30.3,13.8,4.8,12.0,39.8,2.3,6.1,37.1,2.0,3.3,59.2,0.7,3.2,3.9,6.1,3.4,1.2,0.3,2.6,28.6,5,0,-4.8
Mike_Conley,UTA,34,56,38,18,28.3,13.6,4.7,10.9,43.2,2.3,5.8,40.3,1.9,2.3,82.7,0.6,2.5,3.1,5.3,1.7,1.3,0.3,1.9,28.4,2,0,5.3
Carmelo_Anthony,LAL,37,55,25,30,26.7,13.6,4.7,10.5,44.5,2.3,5.9,39.1,2.0,2.4,83.3,0.9,3.3,4.2,1.0,0.9,0.8,0.8,2.3,24.1,1,0,0.3
Coby_White,CHI,22,44,26,18,28.1,13.6,4.9,10.8,45.1,2.4,5.9,40.3,1.5,1.8,84.4,0.3,2.8,3.0,3.0,1.1,0.5,0.2,2.3,22.6,1,0,0.8
Mikal_Bridges,PHX,25,64,51,13,34.9,13.5,5.4,10.1,53.3,1.4,3.8,36.6,1.4,1.6,83.7,1.0,3.3,4.3,2.3,0.8,1.2,0.4,1.9,26.1,0,0,6.7
LaMarcus_Aldridge,BKN,36,45,24,21,22.8,13.5,5.6,10.1,55.4,0.3,1.0,31.1,2.0,2.3,87.3,1.6,4.0,5.6,0.9,0.9,0.3,1.0,1.6,24.6,2,0,0.8
Jakob_Poeltl,SAS,26,53,21,32,29.3,13.5,6.1,9.8,61.9,0.0,0.0,100,1.3,2.8,46.6,3.8,5.3,9.1,3.0,1.6,0.8,1.8,3.1,34.8,21,0,2.2
Kyle_Lowry,MIA,35,48,32,16,34.3,13.4,4.4,10.4,42.5,2.2,6.1,35.6,2.4,2.8,85.3,0.6,4.1,4.6,7.9,2.9,1.2,0.3,2.8,32.3,14,2,4.2
Spencer_Dinwiddie,DAL,28,51,26,25,30.0,13.3,4.5,11.2,40.2,1.6,5.0,32.2,2.7,3.4,79.2,0.7,3.6,4.4,5.7,1.6,0.6,0.2,2.4,27.8,7,1,-1.1
Chris_Duarte,IND,24,52,20,32,28.3,13.3,4.9,11.4,43.4,1.7,4.7,36.5,1.7,2.1,79.6,0.7,3.4,4.1,2.2,1.7,1.1,0.2,1.7,23.4,0,0,-0.8
Ricky_Rubio,IND,31,34,20,14,28.5,13.1,4.4,12.1,36.3,1.7,5.1,33.9,2.6,3.0,85.4,0.4,3.7,4.1,6.6,2.6,1.4,0.2,2.2,30.3,5,0,5.4
De'Andre_Hunter,ATL,24,35,17,18,29.5,13.0,4.7,10.6,44.1,1.4,3.7,38.3,2.2,3.0,74.3,0.5,2.7,3.3,1.3,1.3,0.7,0.3,3.0,20.5,1,0,-0.5
Lonzo_Ball,CHI,24,35,22,13,34.6,13.0,4.6,10.9,42.3,3.1,7.4,42.3,0.6,0.8,75.0,1.0,4.4,5.4,5.1,2.3,1.8,0.9,2.4,32.9,3,1,2.3
Myles_Turner,IND,25,42,15,27,29.4,12.9,4.8,9.4,50.9,1.5,4.4,33.3,1.9,2.5,75.2,1.5,5.5,7.1,1.0,1.3,0.7,2.8,2.8,32.1,9,0,-0.3
Cameron_Johnson,PHX,26,60,48,12,26.3,12.8,4.4,9.2,47.5,2.7,5.9,44.8,1.5,1.7,87.3,0.6,3.5,4.1,1.5,0.6,0.8,0.2,1.7,22.6,0,0,4.5
Monte_Morris,DEN,26,58,34,24,29.9,12.7,5.1,10.6,47.9,1.7,4.3,38.6,0.9,1.0,86.7,0.4,2.6,2.9,4.3,1.0,0.7,0.2,1.2,24.3,0,0,4.7
Malik_Monk,LAL,24,57,27,30,27.3,12.7,4.6,10.1,46.2,2.2,5.6,39.5,1.2,1.5,76.7,0.5,2.9,3.3,2.6,1.4,0.8,0.4,1.6,22.7,1,0,2.4
Devonte'_Graham,NOP,27,60,26,34,29.9,12.6,4.1,11.5,36.0,2.7,7.9,34.4,1.6,2.0,83.1,0.5,2.0,2.5,4.3,1.5,0.9,0.2,1.4,23.8,0,0,0.5
Patty_Mills,BKN,33,64,32,32,30.4,12.6,4.4,10.6,41.7,3.0,7.3,41.4,0.7,0.8,81.1,0.2,1.8,2.1,2.5,1.0,0.7,0.3,1.4,20.7,0,0,0.9
Jalen_Suggs,ORL,20,43,13,30,28.0,12.5,4.4,12.0,36.6,0.9,4.1,22.6,2.8,3.7,76.7,0.6,3.1,3.7,4.5,3.1,1.3,0.4,3.1,25.6,2,0,-4.4
Josh_Giddey,OKC,19,54,17,37,31.5,12.5,5.2,12.4,41.9,1.0,3.9,26.3,1.0,1.5,70.9,1.8,6.0,7.8,6.4,3.2,0.9,0.4,1.6,32.2,16,4,-5.5
Jae'Sean_Tate,HOU,26,62,16,46,27.0,12.4,4.9,9.6,50.7,0.8,2.7,30.3,1.9,2.6,71.2,1.7,3.9,5.6,3.1,1.9,1.0,0.5,3.7,26.4,7,0,-5.7
Kentavious_Caldwell-Pope,WAS,29,60,28,32,29.8,12.3,4.3,10.3,41.9,2.1,5.3,39.4,1.5,1.7,90.2,0.5,2.8,3.3,1.9,1.2,1.1,0.4,1.7,22.1,1,0,-3.2
Malik_Beasley,MIN,25,64,36,28,25.0,12.2,4.3,11.2,38.6,3.0,8.2,36.9,0.5,0.7,75.6,0.4,2.5,2.9,1.4,0.6,0.5,0.2,1.2,19.2,0,0,-0.3
Nickeil_Alexander-Walker,UTA,23,54,22,32,24.7,12.0,4.4,11.8,37.5,1.8,5.7,31.2,1.4,1.9,73.3,0.7,2.4,3.1,2.6,1.6,0.8,0.4,1.6,21.4,2,0,-2.3
Lonnie_Walker_IV,SAS,23,59,22,37,23.1,12.0,4.5,11.0,41.0,1.5,4.9,30.9,1.5,1.9,78.6,0.3,2.3,2.5,2.2,1.1,0.6,0.3,1.5,20.0,0,0,-1.1
Derrick_Rose,NYK,33,26,11,15,24.5,12.0,4.7,10.5,44.5,1.4,3.5,40.2,1.2,1.2,96.8,0.8,2.2,3.0,4.0,1.5,0.8,0.5,0.6,23.9,0,0,3.5
Marcus_Smart,BOS,28,56,36,20,32.8,11.9,4.1,9.9,41.4,1.6,4.9,32.6,2.1,2.7,79.2,0.6,3.3,3.9,5.6,2.1,1.7,0.3,2.4,28.8,1,0,6.1
Devin_Vassell,SAS,21,56,21,35,26.3,11.8,4.5,10.5,43.3,1.8,5.2,34.6,0.9,1.1,81.3,0.6,3.7,4.3,1.8,0.8,0.9,0.7,2.1,23.7,1,0,0.8
Kemba_Walker,NYK,31,37,16,21,25.6,11.6,4.0,10.0,40.3,2.0,5.4,36.7,1.6,1.9,84.5,0.4,2.6,3.0,3.5,1.3,0.7,0.2,1.0,21.9,1,1,-4.9
Luke_Kennard,LAC,25,55,28,27,27.5,11.6,4.0,8.9,44.5,2.7,6.1,45.0,0.9,1.0,87.5,0.2,3.2,3.5,2.1,0.9,0.6,0.1,1.5,20.2,1,0,2.5
Doug_McDermott,SAS,30,48,20,28,24.4,11.6,4.3,9.4,46.2,2.2,5.1,42.7,0.7,0.9,79.1,0.4,2.0,2.4,1.3,0.8,0.3,0.1,1.6,16.7,0,0,-0.6
Kevin_Huerter,ATL,23,56,28,28,29.1,11.5,4.5,9.9,45.8,1.9,5.1,37.5,0.6,0.7,79.5,0.4,2.8,3.2,2.7,1.2,0.7,0.4,2.4,21.3,1,0,2.7
Cameron_Oliver,ATL,25,2,1,1,21.7,11.5,5.0,7.5,66.7,0.5,1.5,33.3,1.0,1.5,66.7,1.0,2.0,3.0,1.5,0.0,0.5,0.5,2.5,20.4,0,0,-1.0
Cedi_Osman,CLE,26,52,32,20,23.4,11.4,4.0,9.3,42.8,2.1,5.8,36.5,1.4,2.1,65.7,0.4,1.8,2.2,2.1,1.1,0.9,0.2,1.9,19.2,0,0,0.2
Garrison_Mathews,HOU,25,47,15,32,27.5,11.4,3.2,7.8,41.4,2.4,6.4,37.1,2.5,3.1,80.8,0.5,2.7,3.3,1.0,0.7,0.8,0.3,2.9,19.2,0,0,-3.0
Joe_Harris,BKN,30,14,10,4,30.2,11.3,4.0,8.9,45.2,2.9,6.3,46.6,0.4,0.4,83.3,0.4,3.6,4.0,1.0,1.1,0.5,0.1,2.2,18.4,0,0,1.1
Gary_Harris,ORL,27,56,13,43,28.8,11.3,4.0,9.2,43.5,1.9,5.0,38.1,1.4,1.6,86.5,0.6,1.4,2.0,1.9,1.0,0.9,0.1,1.8,18.6,0,0,-4.0
Grayson_Allen,MIL,26,54,35,19,27.7,11.3,3.9,9.1,43.1,2.4,6.2,39.4,1.0,1.2,85.7,0.5,2.9,3.3,1.5,0.6,0.8,0.3,1.5,20.2,0,0,4.0
Duncan_Robinson,MIA,27,62,42,20,26.8,11.2,3.8,9.6,39.6,3.0,8.1,36.5,0.6,0.8,83.3,0.4,2.5,2.9,1.6,0.9,0.6,0.2,2.7,18.5,0,0,1.7
Brandon_Williams,POR,22,6,0,6,16.2,11.2,3.7,6.8,53.7,1.0,2.3,42.9,2.8,3.8,73.9,0.3,1.2,1.5,1.8,1.5,0.2,0.0,1.5,14.7,0,0,-5.8
Alec_Burks,NYK,30,63,26,37,27.1,11.0,3.3,8.6,38.3,1.8,4.5,39.2,2.7,3.3,81.5,0.6,4.0,4.6,2.7,1.0,1.0,0.3,2.4,23.7,0,0,0.3
Hamidou_Diallo,DET,23,57,14,43,22.0,11.0,4.5,9.1,49.4,0.4,1.6,24.7,1.6,2.5,65.0,1.2,3.6,4.8,1.3,1.0,1.2,0.3,2.5,22.1,5,0,-4.0
Richaun_Holmes,SAC,28,42,15,27,24.5,10.8,4.6,6.8,66.9,0.0,0.1,40.0,1.6,2.1,77.5,2.1,5.2,7.3,1.1,1.3,0.4,0.9,3.0,23.9,8,0,-3.0
Cameron_Payne,PHX,27,43,35,8,21.0,10.8,4.1,10.1,40.3,1.1,3.4,33.3,1.5,1.7,85.3,0.4,2.3,2.7,4.1,1.9,0.6,0.3,2.0,21.1,1,0,1.8
PLAYER,TEAM,AGE,GP,W,L,MIN,PTS,FGM,FGA,FG%,3PM,3PA,3P%,FTM,FTA,FT%,OREB,DREB,REB,AST,TOV,STL,BLK,PF,FP,DD2,TD3,+/-
Danilo_Gallinari,ATL,33,52,26,26,24.2,10.8,3.4,8.2,41.6,1.6,4.1,38.3,2.3,2.6,90.3,0.6,4.0,4.5,1.3,0.6,0.5,0.2,1.5,19.6,0,0,1.3
Justin_Holiday,SAC,32,59,20,39,28.9,10.7,3.8,9.4,40.1,2.5,6.8,36.6,0.7,0.8,83.7,0.4,2.3,2.7,1.8,1.0,0.8,0.4,2.2,19.2,0,0,-1.5
Max_Strus,MIA,25,52,36,16,23.7,10.7,3.7,8.5,43.6,2.6,6.5,40.4,0.7,0.9,76.6,0.4,2.7,3.1,1.3,0.8,0.4,0.2,1.7,17.5,0,0,2.1
Frank_Jackson,DET,23,44,6,38,22.3,10.7,3.8,9.2,40.9,1.8,5.5,32.0,1.4,1.8,79.5,0.3,1.3,1.6,1.0,0.8,0.5,0.2,1.8,15.4,0,0,-5.1
Clint_Capela,ATL,27,55,28,27,27.9,10.7,4.8,8.0,59.3,0.0,0.0,0.0,1.1,2.4,47.0,3.8,8.3,12.1,1.3,0.6,0.7,1.4,2.2,32.6,26,0,0.9
Terance_Mann,LAC,25,65,33,32,29.0,10.6,4.1,8.5,48.6,1.0,2.6,37.1,1.4,1.8,76.1,1.3,4.1,5.4,2.5,1.0,0.8,0.2,2.2,22.5,5,0,0.5
Frank_Kaminsky,PHX,28,9,8,1,20.1,10.6,4.0,7.3,54.5,0.6,1.7,33.3,2.0,2.2,90.0,1.2,3.3,4.6,1.4,0.6,0.9,0.8,1.6,22.6,0,0,4.3
Dorian_Finney-Smith,DAL,28,63,39,24,33.0,10.5,3.9,8.5,45.4,2.0,5.2,38.4,0.8,1.1,67.6,1.6,3.3,4.9,1.9,1.1,1.2,0.5,2.3,23.1,1,0,2.8
Terence_Davis,SAC,24,30,11,19,17.9,10.4,3.8,8.9,42.3,1.6,5.0,32.9,1.2,1.5,81.8,0.4,2.8,3.1,1.3,1.1,0.8,0.4,2.3,18.6,0,0,2.0
Cam_Reddish,NYK,22,48,19,29,20.8,10.3,3.4,8.4,40.5,1.4,3.8,35.9,2.1,2.3,90.2,0.5,1.6,2.1,1.0,1.2,1.0,0.3,1.2,16.9,0,0,-4.4
Jeff_Green,DEN,35,60,36,24,24.6,10.3,3.7,7.3,50.5,0.7,2.4,31.0,2.2,2.6,84.2,0.5,2.6,3.1,1.3,1.0,0.3,0.4,2.1,17.1,1,0,0.9
Brandon_Clarke,MEM,25,51,34,17,19.3,10.3,4.4,6.8,64.5,0.1,0.4,20.0,1.4,2.1,64.8,2.1,3.4,5.4,1.4,0.5,0.5,1.0,1.8,23.1,2,0,2.0
Al_Horford,BOS,35,56,35,21,28.8,10.3,3.9,8.6,45.2,1.3,4.0,31.9,1.2,1.5,84.1,1.6,6.0,7.6,3.4,1.0,0.6,1.4,1.9,29.4,12,0,4.5
Terrence_Ross,ORL,31,55,12,43,23.7,10.2,3.6,8.9,40.3,1.3,4.1,30.8,1.8,2.1,86.8,0.3,2.2,2.6,1.9,1.3,0.5,0.2,1.1,17.0,0,0,-6.0
Mo_Bamba,ORL,23,54,13,41,26.1,10.2,4.1,8.5,47.6,1.3,3.6,34.5,0.9,1.0,82.1,2.1,5.8,7.9,1.2,1.2,0.6,1.8,2.6,27.4,12,0,-6.2
P.J._Washington,CHA,23,48,22,26,26.0,10.1,3.6,8.0,45.5,1.8,4.9,37.3,1.0,1.4,72.3,1.3,4.2,5.5,2.0,1.3,0.8,0.9,2.5,23.6,2,0,1.1
Pat_Connaughton,MIL,29,54,34,20,27.0,10.1,3.6,7.7,46.7,2.3,5.7,40.7,0.6,0.7,81.1,0.7,3.7,4.4,1.2,0.6,0.9,0.3,1.4,20.2,0,0,-0.1
Trey_Lyles,SAC,26,59,13,46,18.8,10.0,3.3,7.2,46.6,0.8,2.7,30.4,2.5,3.2,78.5,1.1,3.5,4.6,1.1,1.0,0.4,0.5,1.7,18.6,1,0,-2.8
Brandon_Knight,DAL,30,3,1,2,18.2,10.0,3.0,6.7,45.0,1.3,4.3,30.8,2.7,2.7,100,0.0,2.3,2.3,2.7,1.3,0.3,0.0,1.7,16.5,0,0,2.0
Ivica_Zubac,LAC,24,60,32,28,24.2,10.0,3.9,6.0,65.0,0.0,0.0,0.0,2.3,3.1,71.8,2.7,5.5,8.2,1.4,1.5,0.5,1.0,2.6,24.9,18,0,-1.9
Robert_Williams_III,BOS,24,53,33,20,30.2,10.0,4.4,6.1,72.5,0.0,0.0,0.0,1.1,1.5,72.0,3.9,5.9,9.8,2.0,1.1,0.9,2.2,2.2,33.2,22,1,5.1
Davion_Mitchell,SAC,23,59,22,37,25.6,9.9,4.1,10.3,40.0,1.3,4.2,30.8,0.5,0.8,58.7,0.5,1.7,2.2,3.3,1.2,0.7,0.3,1.8,19.4,0,0,-2.9
Eric_Bledsoe,POR,32,54,27,27,25.2,9.9,3.6,8.7,42.1,0.9,3.0,31.3,1.6,2.2,76.1,0.5,2.9,3.4,4.2,2.1,1.3,0.4,1.6,22.9,2,0,-0.7
Michael_Porter_Jr.,DEN,23,9,5,4,29.4,9.9,4.1,11.4,35.9,1.1,5.3,20.8,0.6,1.0,55.6,1.0,5.6,6.6,1.9,1.3,1.1,0.2,1.8,23.3,1,0,6.4
De'Anthony_Melton,MEM,23,57,37,20,22.7,9.8,3.5,9.2,38.5,1.6,4.6,33.7,1.2,1.6,72.8,1.0,3.6,4.6,2.7,1.4,1.6,0.5,1.7,24.4,1,0,4.0
Immanuel_Quickley,NYK,22,60,24,36,21.5,9.8,3.3,8.6,37.9,1.7,4.9,33.8,1.7,1.8,92.5,0.4,2.2,2.6,3.0,1.3,0.6,0.1,2.2,18.0,1,0,2.6
Marvin_Bagley_III,DET,22,35,13,22,21.9,9.8,4.1,8.6,47.5,0.5,2.0,22.9,1.1,1.7,67.8,2.3,4.7,7.0,0.6,0.7,0.3,0.3,1.7,20.4,4,0,-1.9
Nassir_Little,POR,22,42,19,23,25.9,9.8,3.5,7.5,46.0,1.2,3.7,33.1,1.6,2.2,73.4,1.4,4.2,5.6,1.3,1.0,0.6,0.9,2.0,21.8,3,0,-0.5
Cam_Thomas,BKN,20,54,22,32,19.4,9.7,3.7,8.6,43.5,0.8,3.0,27.4,1.4,1.6,83.1,0.2,2.3,2.6,1.4,0.9,0.5,0.1,1.0,15.9,0,0,-1.6
Darius_Bazley,OKC,21,59,18,41,27.5,9.7,3.6,8.9,40.2,1.0,3.6,28.6,1.5,2.2,69.5,1.1,5.4,6.5,1.4,1.3,0.9,1.1,0.9,24.3,5,0,-5.7
Caleb_Martin,MIA,26,50,32,18,23.1,9.6,3.7,7.1,52.1,1.0,2.7,39.1,1.2,1.6,75.6,1.3,2.7,4.0,1.1,0.8,1.0,0.5,1.7,19.7,1,0,2.4
Gabe_Vincent,MIA,25,56,38,18,24.7,9.6,3.5,8.0,43.1,1.9,5.1,38.0,0.8,0.9,80.8,0.4,1.6,2.0,3.4,1.5,1.0,0.2,2.5,19.1,0,0,2.2
Jae_Crowder,PHX,31,54,43,11,28.4,9.6,3.3,7.9,41.2,1.9,5.2,35.3,1.2,1.5,80.5,0.4,4.8,5.3,1.7,0.8,1.4,0.4,2.5,23.1,1,0,5.9
Bryn_Forbes,DEN,28,61,28,33,18.0,9.6,3.4,7.7,43.9,1.7,4.0,42.6,1.1,1.2,89.2,0.1,1.3,1.4,1.1,0.9,0.4,0.1,1.3,13.3,0,0,0.4
JaVale_McGee,PHX,34,58,46,12,15.7,9.4,4.0,6.3,64.0,0.0,0.1,28.6,1.3,1.9,68.8,2.2,4.5,6.7,0.6,1.3,0.3,1.1,2.4,21.2,8,0,2.1
Herbert_Jones,NOP,23,61,27,34,30.1,9.4,3.5,7.3,48.2,0.7,2.0,34.5,1.7,1.9,86.3,1.3,2.6,4.0,2.1,1.3,1.6,0.9,3.1,23.3,1,0,1.0
Talen_Horton-Tucker,LAL,21,46,20,26,25.9,9.3,3.5,8.5,41.2,0.8,3.0,27.5,1.5,1.9,80.5,0.6,2.6,3.2,2.7,1.5,0.9,0.5,2.5,20.0,1,0,-1.2
Georges_Niang,PHI,28,59,38,21,23.1,9.3,3.3,7.6,43.4,2.0,5.0,39.7,0.7,0.9,86.3,0.4,2.3,2.6,1.5,0.8,0.4,0.2,2.6,15.6,0,0,2.2
Shake_Milton,PHI,25,36,22,14,23.3,9.3,3.6,8.5,42.0,0.8,2.6,28.7,1.4,1.6,86.2,0.6,2.4,3.0,2.6,1.1,0.6,0.4,2.0,18.7,0,0,-1.0
Jaden_McDaniels,MIN,21,62,35,27,26.0,9.2,3.6,8.0,45.1,1.2,3.7,31.3,0.8,1.0,78.1,1.1,3.1,4.2,1.2,1.1,0.8,0.7,3.3,19.5,0,0,-0.2
Kelly_Olynyk,DET,30,27,8,19,19.8,9.2,3.3,8.0,41.4,1.1,3.3,33.7,1.5,2.1,70.7,1.5,3.3,4.8,2.8,1.5,0.8,0.5,2.5,21.6,1,0,-3.7
Tre_Mann,OKC,21,51,16,35,21.3,9.2,3.4,8.9,38.3,1.4,4.0,34.5,1.0,1.3,75.8,0.3,2.2,2.5,1.3,1.0,0.8,0.2,1.7,16.1,0,0,-3.5
Rui_Hachimura,WAS,24,23,10,13,18.9,9.2,3.4,7.3,46.7,1.2,2.3,51.9,1.1,1.4,78.1,0.3,2.7,3.1,1.0,0.7,0.6,0.2,1.2,16.1,0,0,-2.1
Josh_Richardson,SAS,28,48,28,20,23.8,9.2,3.3,7.5,43.6,1.4,3.4,39.9,1.3,1.5,85.9,0.6,2.1,2.7,1.5,0.8,0.7,0.5,1.8,17.6,0,0,1.8
Patrick_Beverley,MIN,33,45,26,19,26.2,9.1,3.1,7.8,40.0,1.5,4.4,33.8,1.4,2.0,71.1,1.1,3.1,4.2,4.9,1.4,1.2,0.9,3.1,26.4,2,0,2.3
Daniel_Gafford,WAS,23,54,25,29,20.5,9.1,3.9,5.7,68.4,0.0,0.0,0.0,1.3,1.8,71.9,2.3,3.6,5.9,1.0,0.9,0.4,1.5,2.4,22.3,6,0,-2.7
Chris_Boucher,TOR,29,62,34,28,20.5,9.0,3.2,6.8,47.3,0.8,2.7,29.1,1.9,2.5,77.0,2.1,3.9,5.9,0.3,0.6,0.6,1.0,2.2,20.9,6,0,2.2
Markelle_Fultz,ORL,23,3,1,2,16.7,9.0,4.0,7.0,57.1,0.0,0.7,0.0,1.0,1.0,100,0.7,1.7,2.3,3.7,1.7,0.3,0.3,1.3,17.6,0,0,-7.0
DeMarcus_Cousins,DEN,31,30,23,7,15.7,9.0,3.1,6.9,44.2,0.8,2.6,29.9,2.1,2.7,76.5,1.6,4.5,6.1,1.4,1.6,0.9,0.5,2.9,21.0,2,0,2.8
Ben_McLemore,POR,29,46,18,28,19.0,8.9,3.0,7.7,38.5,2.2,6.1,36.4,0.8,1.0,81.8,0.2,1.3,1.6,0.9,0.7,0.4,0.1,1.5,13.1,0,0,-4.6
PLAYER,TEAM,AGE,GP,W,L,MIN,PTS,FGM,FGA,FG%,3PM,3PA,3P%,FTM,FTA,FT%,OREB,DREB,REB,AST,TOV,STL,BLK,PF,FP,DD2,TD3,+/-
Isaac_Okoro,CLE,21,49,27,22,28.8,8.9,3.1,6.8,46.4,0.8,2.6,31.0,1.8,2.3,77.4,1.1,2.1,3.2,1.8,1.0,0.8,0.3,2.6,17.7,0,0,1.5
Bones_Hyland,DEN,21,52,32,20,17.7,8.8,2.9,7.8,37.5,1.8,4.9,35.8,1.3,1.4,87.8,0.2,2.5,2.7,2.1,1.2,0.5,0.3,2.1,16.3,1,0,0.5
Isaiah_Thomas,CHA,33,6,1,5,21.4,8.8,3.2,9.7,32.8,1.2,5.3,21.9,1.3,1.8,72.7,0.3,1.8,2.2,2.2,1.2,0.3,0.3,2.2,15.5,0,0,-4.8
Alperen_Sengun,HOU,19,56,14,42,18.9,8.8,3.1,6.6,47.3,0.4,1.4,25.0,2.2,3.2,69.1,1.7,3.2,4.9,2.4,2.0,0.8,1.0,2.9,21.7,4,0,-4.2
Onyeka_Okongwu,ATL,21,29,14,15,21.1,8.8,3.6,4.8,74.1,0.0,0.0,0.0,1.7,2.3,73.1,2.1,3.2,5.3,1.2,1.1,0.7,1.4,3.2,21.9,0,0,3.6
Amir_Coffey,LAC,24,53,25,28,22.4,8.7,2.9,6.4,45.7,1.4,3.6,38.2,1.5,1.7,86.8,0.4,2.5,2.9,1.7,0.6,0.5,0.2,1.3,16.3,0,0,-0.2
Jaxson_Hayes,NOP,21,52,20,32,17.8,8.7,3.3,5.1,64.9,0.2,0.5,28.6,1.9,2.5,76.7,1.5,2.7,4.2,0.6,0.8,0.4,0.8,2.3,17.3,1,0,0.0
Kenyon_Martin_Jr.,HOU,21,61,16,45,20.0,8.6,3.5,6.6,52.7,0.7,2.0,35.5,1.0,1.5,63.8,1.1,2.7,3.8,1.3,0.7,0.4,0.4,1.2,17.1,1,0,-3.0
Willy_Hernangomez,NOP,27,35,15,20,16.0,8.6,3.3,6.3,52.5,0.1,0.2,37.5,1.9,2.6,73.9,2.7,4.0,6.7,1.2,0.9,0.4,0.4,1.9,19.9,5,0,-1.4
Duane_Washington_Jr.,IND,21,34,9,25,19.5,8.6,3.1,8.5,37.2,1.5,4.3,35.6,0.8,1.0,76.5,0.1,1.6,1.7,1.8,1.1,0.5,0.1,1.4,14.0,0,0,-2.9
Chimezie_Metu,SAC,24,45,17,28,21.1,8.5,3.2,7.4,43.4,0.9,3.2,28.3,1.1,1.5,77.3,0.6,5.0,5.6,1.1,0.9,0.8,0.5,1.4,19.8,5,0,-2.6
Mitchell_Robinson,NYK,23,58,24,34,25.5,8.5,3.6,4.7,77.0,0.0,0.0,0.0,1.2,2.4,48.6,3.9,4.9,8.8,0.4,0.8,0.7,1.6,2.8,25.9,15,0,-1.2
Jonathan_Kuminga,GSW,19,52,34,18,15.3,8.4,3.0,6.0,51.0,0.7,2.0,34.0,1.7,2.5,67.4,0.6,2.3,3.0,0.7,1.1,0.4,0.3,2.0,14.2,1,0,0.4
Nic_Claxton,BKN,22,30,12,18,20.0,8.4,3.6,5.7,64.1,0.0,0.0,0.0,1.2,2.0,57.4,2.0,3.3,5.3,0.8,0.7,0.5,1.1,2.1,19.9,3,0,-3.4
Isaiah_Roby,OKC,24,27,6,21,17.7,8.4,3.2,6.2,51.5,0.7,1.7,42.2,1.3,1.8,73.5,1.6,2.6,4.2,1.0,0.9,0.7,0.5,2.2,17.9,3,0,-2.2
Reggie_Bullock,DAL,30,54,33,21,26.5,8.4,2.9,7.1,40.7,2.0,5.5,35.8,0.6,0.7,85.0,0.4,2.9,3.4,1.1,0.6,0.6,0.2,1.5,15.9,0,0,3.3
Chuma_Okeke,ORL,23,54,15,39,24.2,8.4,3.1,8.1,38.2,1.5,4.9,31.1,0.7,0.9,84.8,0.7,4.1,4.9,1.7,0.8,1.5,0.6,1.3,22.4,3,0,-4.5
Isaiah_Stewart,DET,20,56,15,41,26.1,8.4,3.6,7.1,51.6,0.1,0.4,16.0,1.0,1.5,67.9,3.3,5.3,8.6,1.1,1.3,0.3,1.2,3.0,23.5,8,0,-5.6
T.J._McConnell,IND,29,24,9,15,24.2,8.4,3.8,7.5,50.3,0.3,1.0,28.0,0.5,0.6,80.0,0.8,2.5,3.3,4.8,1.2,1.0,0.4,1.8,22.6,1,0,-2.4
Alex_Caruso,CHI,28,28,19,9,27.7,8.4,2.8,6.5,42.9,1.1,3.1,34.5,1.7,2.1,81.4,0.9,3.0,3.9,3.9,1.4,1.9,0.4,2.4,24.4,1,0,5.0
Ayo_Dosunmu,CHI,22,59,35,24,26.5,8.4,3.4,6.4,52.8,0.9,2.3,40.4,0.7,1.1,67.7,0.3,2.5,2.8,3.2,1.3,0.7,0.4,2.3,18.7,4,0,-0.9
Hassan_Whiteside,UTA,32,51,33,18,18.2,8.4,3.4,5.3,63.8,0.0,0.0,0.0,1.6,2.5,65.1,2.5,5.2,7.7,0.4,0.9,0.3,1.5,2.9,22.7,10,0,4.0
Thomas_Bryant,WAS,24,20,6,14,17.6,8.4,3.4,6.4,52.3,0.5,1.8,27.8,1.2,1.4,85.2,1.3,2.9,4.1,1.1,0.9,0.3,0.7,1.8,17.0,0,0,-4.0
Nicolas_Batum,LAC,33,45,25,20,24.3,8.3,3.0,6.5,46.6,1.8,4.6,40.5,0.4,0.6,66.7,0.5,3.9,4.4,1.5,0.6,0.9,0.7,1.4,20.2,0,0,-1.6
Rudy_Gay,UTA,35,39,26,13,19.2,8.3,2.8,7.1,39.6,1.3,4.0,32.3,1.4,1.8,78.3,1.0,3.5,4.5,1.1,0.8,0.5,0.3,1.8,17.0,0,0,2.5
Lance_Stephenson,IND,31,33,9,24,18.0,8.2,3.2,7.3,44.6,0.5,2.1,25.0,1.2,1.6,75.9,0.3,2.6,2.9,3.5,1.6,0.5,0.1,2.0,17.1,2,0,-0.7
Furkan_Korkmaz,PHI,24,56,36,20,23.0,8.2,2.9,7.6,38.9,1.2,4.3,29.0,1.1,1.4,81.6,0.3,2.5,2.9,2.1,0.8,0.6,0.1,0.9,16.1,1,0,-0.1
Naz_Reid,MIN,22,62,34,28,15.9,8.2,3.0,6.2,48.8,0.7,2.1,34.1,1.4,1.9,74.6,1.3,2.4,3.7,0.9,1.0,0.4,1.0,2.1,17.3,2,0,-0.8
Tyus_Jones,MEM,25,59,40,19,20.3,8.2,3.3,7.2,45.5,0.9,2.7,35.7,0.7,0.8,85.7,0.2,2.2,2.4,4.1,0.7,0.9,0.0,0.4,19.3,0,0,2.2
Precious_Achiuwa,TOR,22,55,32,23,23.2,8.2,3.3,7.7,43.0,0.5,1.4,33.3,1.0,1.8,57.0,2.2,4.7,6.9,1.1,1.1,0.5,0.6,2.0,20.3,5,0,0.3
Otto_Porter_Jr.,GSW,28,53,37,16,21.4,8.2,3.1,6.5,47.0,1.3,3.5,38.0,0.7,0.9,78.7,1.1,4.2,5.3,1.5,0.5,1.2,0.5,1.4,21.1,2,0,3.8
P.J._Tucker,MIA,36,57,37,20,28.4,8.1,3.1,6.1,50.1,1.3,2.9,44.9,0.7,0.9,72.2,1.4,3.9,5.4,2.1,1.0,0.8,0.2,2.4,19.8,4,0,3.7
Cody_Martin,CHA,26,54,30,24,27.0,8.1,3.0,6.4,46.5,1.0,2.4,40.6,1.2,1.7,69.2,1.2,2.9,4.1,2.5,0.9,1.3,0.5,1.8,21.1,0,0,0.3
Brook_Lopez,MIL,33,1,1,0,28.2,8.0,3.0,9.0,33.3,2.0,4.0,50.0,0.0,0.0,0.0,2.0,3.0,5.0,0.0,0.0,1.0,3.0,3.0,26.0,0,0,0.0
Cory_Joseph,DET,30,53,15,38,24.6,8.0,2.8,6.1,44.9,1.0,2.4,41.6,1.5,1.7,87.0,0.4,2.1,2.5,3.8,1.4,0.7,0.3,2.2,18.1,0,0,-3.3
Malik_Newman,CLE,25,1,0,1,7.7,8.0,3.0,5.0,60.0,0.0,1.0,0.0,2.0,2.0,100,0.0,1.0,1.0,1.0,1.0,0.0,0.0,0.0,9.7,0,0,1.0
Mike_Muscala,OKC,30,43,15,28,13.8,8.0,2.6,5.8,45.6,1.6,3.8,42.9,1.1,1.3,84.2,0.5,2.5,3.0,0.5,0.3,0.4,0.6,1.3,15.1,0,0,0.5
Terry_Taylor,IND,22,19,5,14,17.5,8.0,3.5,5.8,60.9,0.2,0.6,36.4,0.7,1.2,63.6,2.7,2.8,5.6,1.4,0.4,0.2,0.2,1.7,17.4,2,0,-0.7
Raul_Neto,WAS,29,54,26,28,20.7,8.0,3.1,6.9,45.4,0.5,1.9,28.2,1.2,1.6,74.2,0.2,1.8,2.1,3.0,1.1,0.8,0.0,1.6,16.3,0,0,-0.8
Jaylen_Nowell,MIN,22,46,28,18,14.9,7.9,3.0,6.4,47.4,0.9,2.4,38.5,1.0,1.3,74.6,0.3,1.6,1.9,2.1,0.5,0.5,0.1,1.1,14.8,0,0,0.3
Jordan_Nwora,MIL,23,51,28,23,19.1,7.9,3.1,7.5,40.7,1.4,3.8,35.7,0.4,0.5,80.8,0.6,3.0,3.6,1.0,0.9,0.5,0.3,1.2,15.0,2,0,-1.1
Draymond_Green,GSW,32,34,28,6,29.9,7.9,3.2,5.9,53.7,0.4,1.2,28.6,1.2,2.0,59.7,1.1,6.4,7.6,7.4,3.1,1.4,1.2,2.8,32.6,3,1,5.8
Damion_Lee,GSW,29,50,34,16,20.3,7.9,2.9,6.4,45.9,1.2,3.2,37.1,0.9,1.0,86.0,0.4,2.7,3.2,1.0,0.6,0.7,0.1,1.5,14.9,0,0,1.1
Jalen_Smith,IND,21,39,26,13,16.4,7.9,2.9,5.7,50.0,0.6,2.0,32.1,1.5,1.9,78.4,1.9,3.7,5.6,0.4,0.9,0.3,0.6,1.8,17.1,7,0,1.7
Moritz_Wagner,ORL,24,46,10,36,12.9,7.8,2.7,5.4,50.0,0.9,2.8,32.8,1.5,1.8,79.8,0.5,2.2,2.6,1.1,0.7,0.3,0.2,1.9,13.5,1,0,-1.8
Goran_Dragic,BKN,35,10,2,8,18.6,7.8,2.6,6.9,37.7,0.8,2.5,32.0,1.8,2.3,78.3,0.7,2.2,2.9,2.6,0.7,0.6,0.1,2.1,16.6,0,0,-5.3
Isaiah_Hartenstein,LAC,23,52,29,23,16.6,7.8,3.3,5.2,63.2,0.1,0.2,41.7,1.1,1.8,62.4,1.6,2.9,4.5,2.0,1.2,0.7,1.2,2.5,20.5,1,0,2.2
Donte_DiVincenzo,SAC,25,26,15,11,21.8,7.7,2.5,7.3,33.5,1.4,4.7,30.1,1.4,1.6,85.7,1.0,2.8,3.9,2.3,1.5,1.0,0.2,1.6,17.7,0,0,-2.0
Robert_Covington,LAC,31,60,28,32,28.0,7.7,2.7,6.8,39.5,1.6,4.6,34.5,0.7,0.9,83.0,0.9,4.7,5.6,1.4,1.1,1.5,1.3,2.7,23.8,1,0,-0.2
Markieff_Morris,MIA,32,10,7,3,18.7,7.7,3.2,7.0,45.7,0.8,2.2,36.4,0.5,0.5,100,1.3,1.5,2.8,1.4,1.2,0.3,0.1,2.2,13.2,0,0,2.7
PLAYER,TEAM,AGE,GP,W,L,MIN,PTS,FGM,FGA,FG%,3PM,3PA,3P%,FTM,FTA,FT%,OREB,DREB,REB,AST,TOV,STL,BLK,PF,FP,DD2,TD3,+/-
Isaac_Okoro,CLE,21,49,27,22,28.8,8.9,3.1,6.8,46.4,0.8,2.6,31.0,1.8,2.3,77.4,1.1,2.1,3.2,1.8,1.0,0.8,0.3,2.6,17.7,0,0,1.5
Bones_Hyland,DEN,21,52,32,20,17.7,8.8,2.9,7.8,37.5,1.8,4.9,35.8,1.3,1.4,87.8,0.2,2.5,2.7,2.1,1.2,0.5,0.3,2.1,16.3,1,0,0.5
Isaiah_Thomas,CHA,33,6,1,5,21.4,8.8,3.2,9.7,32.8,1.2,5.3,21.9,1.3,1.8,72.7,0.3,1.8,2.2,2.2,1.2,0.3,0.3,2.2,15.5,0,0,-4.8
Alperen_Sengun,HOU,19,56,14,42,18.9,8.8,3.1,6.6,47.3,0.4,1.4,25.0,2.2,3.2,69.1,1.7,3.2,4.9,2.4,2.0,0.8,1.0,2.9,21.7,4,0,-4.2
Onyeka_Okongwu,ATL,21,29,14,15,21.1,8.8,3.6,4.8,74.1,0.0,0.0,0.0,1.7,2.3,73.1,2.1,3.2,5.3,1.2,1.1,0.7,1.4,3.2,21.9,0,0,3.6
Amir_Coffey,LAC,24,53,25,28,22.4,8.7,2.9,6.4,45.7,1.4,3.6,38.2,1.5,1.7,86.8,0.4,2.5,2.9,1.7,0.6,0.5,0.2,1.3,16.3,0,0,-0.2
Jaxson_Hayes,NOP,21,52,20,32,17.8,8.7,3.3,5.1,64.9,0.2,0.5,28.6,1.9,2.5,76.7,1.5,2.7,4.2,0.6,0.8,0.4,0.8,2.3,17.3,1,0,0.0
Kenyon_Martin_Jr.,HOU,21,61,16,45,20.0,8.6,3.5,6.6,52.7,0.7,2.0,35.5,1.0,1.5,63.8,1.1,2.7,3.8,1.3,0.7,0.4,0.4,1.2,17.1,1,0,-3.0
Willy_Hernangomez,NOP,27,35,15,20,16.0,8.6,3.3,6.3,52.5,0.1,0.2,37.5,1.9,2.6,73.9,2.7,4.0,6.7,1.2,0.9,0.4,0.4,1.9,19.9,5,0,-1.4
Duane_Washington_Jr.,IND,21,34,9,25,19.5,8.6,3.1,8.5,37.2,1.5,4.3,35.6,0.8,1.0,76.5,0.1,1.6,1.7,1.8,1.1,0.5,0.1,1.4,14.0,0,0,-2.9
Chimezie_Metu,SAC,24,45,17,28,21.1,8.5,3.2,7.4,43.4,0.9,3.2,28.3,1.1,1.5,77.3,0.6,5.0,5.6,1.1,0.9,0.8,0.5,1.4,19.8,5,0,-2.6
Mitchell_Robinson,NYK,23,58,24,34,25.5,8.5,3.6,4.7,77.0,0.0,0.0,0.0,1.2,2.4,48.6,3.9,4.9,8.8,0.4,0.8,0.7,1.6,2.8,25.9,15,0,-1.2
Jonathan_Kuminga,GSW,19,52,34,18,15.3,8.4,3.0,6.0,51.0,0.7,2.0,34.0,1.7,2.5,67.4,0.6,2.3,3.0,0.7,1.1,0.4,0.3,2.0,14.2,1,0,0.4
Nic_Claxton,BKN,22,30,12,18,20.0,8.4,3.6,5.7,64.1,0.0,0.0,0.0,1.2,2.0,57.4,2.0,3.3,5.3,0.8,0.7,0.5,1.1,2.1,19.9,3,0,-3.4
Isaiah_Roby,OKC,24,27,6,21,17.7,8.4,3.2,6.2,51.5,0.7,1.7,42.2,1.3,1.8,73.5,1.6,2.6,4.2,1.0,0.9,0.7,0.5,2.2,17.9,3,0,-2.2
Reggie_Bullock,DAL,30,54,33,21,26.5,8.4,2.9,7.1,40.7,2.0,5.5,35.8,0.6,0.7,85.0,0.4,2.9,3.4,1.1,0.6,0.6,0.2,1.5,15.9,0,0,3.3
Chuma_Okeke,ORL,23,54,15,39,24.2,8.4,3.1,8.1,38.2,1.5,4.9,31.1,0.7,0.9,84.8,0.7,4.1,4.9,1.7,0.8,1.5,0.6,1.3,22.4,3,0,-4.5
Isaiah_Stewart,DET,20,56,15,41,26.1,8.4,3.6,7.1,51.6,0.1,0.4,16.0,1.0,1.5,67.9,3.3,5.3,8.6,1.1,1.3,0.3,1.2,3.0,23.5,8,0,-5.6
T.J._McConnell,IND,29,24,9,15,24.2,8.4,3.8,7.5,50.3,0.3,1.0,28.0,0.5,0.6,80.0,0.8,2.5,3.3,4.8,1.2,1.0,0.4,1.8,22.6,1,0,-2.4
Alex_Caruso,CHI,28,28,19,9,27.7,8.4,2.8,6.5,42.9,1.1,3.1,34.5,1.7,2.1,81.4,0.9,3.0,3.9,3.9,1.4,1.9,0.4,2.4,24.4,1,0,5.0
Ayo_Dosunmu,CHI,22,59,35,24,26.5,8.4,3.4,6.4,52.8,0.9,2.3,40.4,0.7,1.1,67.7,0.3,2.5,2.8,3.2,1.3,0.7,0.4,2.3,18.7,4,0,-0.9
Hassan_Whiteside,UTA,32,51,33,18,18.2,8.4,3.4,5.3,63.8,0.0,0.0,0.0,1.6,2.5,65.1,2.5,5.2,7.7,0.4,0.9,0.3,1.5,2.9,22.7,10,0,4.0
Thomas_Bryant,WAS,24,20,6,14,17.6,8.4,3.4,6.4,52.3,0.5,1.8,27.8,1.2,1.4,85.2,1.3,2.9,4.1,1.1,0.9,0.3,0.7,1.8,17.0,0,0,-4.0
Nicolas_Batum,LAC,33,45,25,20,24.3,8.3,3.0,6.5,46.6,1.8,4.6,40.5,0.4,0.6,66.7,0.5,3.9,4.4,1.5,0.6,0.9,0.7,1.4,20.2,0,0,-1.6
Rudy_Gay,UTA,35,39,26,13,19.2,8.3,2.8,7.1,39.6,1.3,4.0,32.3,1.4,1.8,78.3,1.0,3.5,4.5,1.1,0.8,0.5,0.3,1.8,17.0,0,0,2.5
Lance_Stephenson,IND,31,33,9,24,18.0,8.2,3.2,7.3,44.6,0.5,2.1,25.0,1.2,1.6,75.9,0.3,2.6,2.9,3.5,1.6,0.5,0.1,2.0,17.1,2,0,-0.7
Furkan_Korkmaz,PHI,24,56,36,20,23.0,8.2,2.9,7.6,38.9,1.2,4.3,29.0,1.1,1.4,81.6,0.3,2.5,2.9,2.1,0.8,0.6,0.1,0.9,16.1,1,0,-0.1
Naz_Reid,MIN,22,62,34,28,15.9,8.2,3.0,6.2,48.8,0.7,2.1,34.1,1.4,1.9,74.6,1.3,2.4,3.7,0.9,1.0,0.4,1.0,2.1,17.3,2,0,-0.8
Tyus_Jones,MEM,25,59,40,19,20.3,8.2,3.3,7.2,45.5,0.9,2.7,35.7,0.7,0.8,85.7,0.2,2.2,2.4,4.1,0.7,0.9,0.0,0.4,19.3,0,0,2.2
Precious_Achiuwa,TOR,22,55,32,23,23.2,8.2,3.3,7.7,43.0,0.5,1.4,33.3,1.0,1.8,57.0,2.2,4.7,6.9,1.1,1.1,0.5,0.6,2.0,20.3,5,0,0.3
Otto_Porter_Jr.,GSW,28,53,37,16,21.4,8.2,3.1,6.5,47.0,1.3,3.5,38.0,0.7,0.9,78.7,1.1,4.2,5.3,1.5,0.5,1.2,0.5,1.4,21.1,2,0,3.8
P.J._Tucker,MIA,36,57,37,20,28.4,8.1,3.1,6.1,50.1,1.3,2.9,44.9,0.7,0.9,72.2,1.4,3.9,5.4,2.1,1.0,0.8,0.2,2.4,19.8,4,0,3.7
Cody_Martin,CHA,26,54,30,24,27.0,8.1,3.0,6.4,46.5,1.0,2.4,40.6,1.2,1.7,69.2,1.2,2.9,4.1,2.5,0.9,1.3,0.5,1.8,21.1,0,0,0.3
Brook_Lopez,MIL,33,1,1,0,28.2,8.0,3.0,9.0,33.3,2.0,4.0,50.0,0.0,0.0,0.0,2.0,3.0,5.0,0.0,0.0,1.0,3.0,3.0,26.0,0,0,0.0
Cory_Joseph,DET,30,53,15,38,24.6,8.0,2.8,6.1,44.9,1.0,2.4,41.6,1.5,1.7,87.0,0.4,2.1,2.5,3.8,1.4,0.7,0.3,2.2,18.1,0,0,-3.3
Malik_Newman,CLE,25,1,0,1,7.7,8.0,3.0,5.0,60.0,0.0,1.0,0.0,2.0,2.0,100,0.0,1.0,1.0,1.0,1.0,0.0,0.0,0.0,9.7,0,0,1.0
Mike_Muscala,OKC,30,43,15,28,13.8,8.0,2.6,5.8,45.6,1.6,3.8,42.9,1.1,1.3,84.2,0.5,2.5,3.0,0.5,0.3,0.4,0.6,1.3,15.1,0,0,0.5
Terry_Taylor,IND,22,19,5,14,17.5,8.0,3.5,5.8,60.9,0.2,0.6,36.4,0.7,1.2,63.6,2.7,2.8,5.6,1.4,0.4,0.2,0.2,1.7,17.4,2,0,-0.7
Raul_Neto,WAS,29,54,26,28,20.7,8.0,3.1,6.9,45.4,0.5,1.9,28.2,1.2,1.6,74.2,0.2,1.8,2.1,3.0,1.1,0.8,0.0,1.6,16.3,0,0,-0.8
Jaylen_Nowell,MIN,22,46,28,18,14.9,7.9,3.0,6.4,47.4,0.9,2.4,38.5,1.0,1.3,74.6,0.3,1.6,1.9,2.1,0.5,0.5,0.1,1.1,14.8,0,0,0.3
Jordan_Nwora,MIL,23,51,28,23,19.1,7.9,3.1,7.5,40.7,1.4,3.8,35.7,0.4,0.5,80.8,0.6,3.0,3.6,1.0,0.9,0.5,0.3,1.2,15.0,2,0,-1.1
Draymond_Green,GSW,32,34,28,6,29.9,7.9,3.2,5.9,53.7,0.4,1.2,28.6,1.2,2.0,59.7,1.1,6.4,7.6,7.4,3.1,1.4,1.2,2.8,32.6,3,1,5.8
Damion_Lee,GSW,29,50,34,16,20.3,7.9,2.9,6.4,45.9,1.2,3.2,37.1,0.9,1.0,86.0,0.4,2.7,3.2,1.0,0.6,0.7,0.1,1.5,14.9,0,0,1.1
Jalen_Smith,IND,21,39,26,13,16.4,7.9,2.9,5.7,50.0,0.6,2.0,32.1,1.5,1.9,78.4,1.9,3.7,5.6,0.4,0.9,0.3,0.6,1.8,17.1,7,0,1.7
Moritz_Wagner,ORL,24,46,10,36,12.9,7.8,2.7,5.4,50.0,0.9,2.8,32.8,1.5,1.8,79.8,0.5,2.2,2.6,1.1,0.7,0.3,0.2,1.9,13.5,1,0,-1.8
Goran_Dragic,BKN,35,10,2,8,18.6,7.8,2.6,6.9,37.7,0.8,2.5,32.0,1.8,2.3,78.3,0.7,2.2,2.9,2.6,0.7,0.6,0.1,2.1,16.6,0,0,-5.3
Isaiah_Hartenstein,LAC,23,52,29,23,16.6,7.8,3.3,5.2,63.2,0.1,0.2,41.7,1.1,1.8,62.4,1.6,2.9,4.5,2.0,1.2,0.7,1.2,2.5,20.5,1,0,2.2
Donte_DiVincenzo,SAC,25,26,15,11,21.8,7.7,2.5,7.3,33.5,1.4,4.7,30.1,1.4,1.6,85.7,1.0,2.8,3.9,2.3,1.5,1.0,0.2,1.6,17.7,0,0,-2.0
Robert_Covington,LAC,31,60,28,32,28.0,7.7,2.7,6.8,39.5,1.6,4.6,34.5,0.7,0.9,83.0,0.9,4.7,5.6,1.4,1.1,1.5,1.3,2.7,23.8,1,0,-0.2
Markieff_Morris,MIA,32,10,7,3,18.7,7.7,3.2,7.0,45.7,0.8,2.2,36.4,0.5,0.5,100,1.3,1.5,2.8,1.4,1.2,0.3,0.1,2.2,13.2,0,0,2.7
PLAYER,TEAM,AGE,GP,W,L,MIN,PTS,FGM,FGA,FG%,3PM,3PA,3P%,FTM,FTA,FT%,OREB,DREB,REB,AST,TOV,STL,BLK,PF,FP,DD2,TD3,+/-
Royce_O'Neale,UTA,28,59,38,21,31.3,7.7,2.7,5.5,49.8,1.6,3.7,41.6,0.6,0.8,80.4,0.8,4.1,4.9,2.5,1.0,1.3,0.5,2.3,21.6,2,0,3.4
Grant_Williams,BOS,23,61,37,24,23.7,7.7,2.6,5.3,48.9,1.5,3.4,44.0,1.0,1.0,92.1,0.8,2.5,3.3,1.1,0.7,0.5,0.7,2.3,16.1,0,0,0.6
Deni_Avdija,WAS,21,63,29,34,23.5,7.7,2.8,6.3,44.0,0.9,2.8,31.3,1.2,1.5,78.1,0.7,4.5,5.1,1.7,0.9,0.8,0.6,2.3,19.5,2,0,0.7
Maxi_Kleber,DAL,30,45,27,18,25.1,7.7,2.6,6.2,42.6,1.6,4.4,36.0,0.8,1.1,72.5,1.2,4.7,5.9,1.2,0.7,0.6,1.1,2.2,20.7,2,0,1.9
Oshae_Brissett,IND,23,53,16,37,21.5,7.7,2.6,6.5,39.8,1.0,3.0,33.1,1.5,2.2,66.4,1.6,3.4,5.0,0.9,0.7,0.6,0.5,1.5,17.4,3,0,-3.0
Daniel_Theis,BOS,29,32,8,24,20.8,7.7,2.9,6.1,48.5,0.8,2.7,29.4,1.0,1.6,62.7,1.1,3.8,4.9,0.8,1.0,0.4,0.7,2.3,17.1,2,0,-6.2
Dwight_Powell,DAL,30,64,39,25,20.9,7.6,2.9,4.4,65.2,0.2,0.5,39.4,1.7,2.3,74.3,2.0,2.5,4.6,1.1,0.8,0.5,0.4,2.6,16.7,0,0,0.4
Javonte_Green,CHI,28,47,31,16,24.2,7.6,2.9,5.2,54.9,0.6,1.6,35.6,1.4,1.6,83.1,1.5,2.7,4.2,1.0,0.5,0.9,0.6,2.1,18.0,0,0,1.4
Robin_Lopez,ORL,33,28,7,21,17.4,7.6,3.3,5.9,56.7,0.1,0.2,40.0,0.9,1.5,59.5,2.0,1.7,3.7,1.6,1.3,0.0,0.6,1.9,14.9,3,0,-1.9
Landry_Shamet,PHX,24,51,40,11,20.1,7.6,2.4,6.6,36.9,1.6,4.5,35.5,1.1,1.3,84.8,0.2,1.7,1.9,1.6,0.5,0.5,0.1,1.3,13.5,0,0,2.3
D.J._Wilson,TOR,26,4,2,2,13.5,7.5,2.8,3.8,73.3,0.0,0.5,0.0,2.0,2.5,80.0,0.3,3.8,4.0,1.3,0.5,1.3,0.3,1.5,18.2,0,0,-4.0
Kenrich_Williams,OKC,27,49,17,32,21.9,7.4,3.0,6.5,46.1,0.8,2.5,33.9,0.6,1.1,54.5,1.5,3.0,4.5,2.2,0.9,0.9,0.2,1.7,18.5,0,0,0.5
Kyle_Anderson,MEM,28,53,34,19,21.7,7.4,3.0,6.8,43.4,0.5,1.6,32.9,0.9,1.5,61.7,1.0,4.3,5.4,2.7,1.0,1.2,0.6,1.6,22.2,2,0,1.3
Bruce_Brown,BKN,25,56,25,31,22.3,7.4,3.0,6.1,48.8,0.4,1.1,37.7,1.0,1.3,75.7,1.3,3.2,4.5,1.5,0.7,1.0,0.6,2.4,19.1,0,0,-2.6
Jeremy_Lamb,SAC,29,45,18,27,16.6,7.3,2.3,6.2,36.9,1.0,3.2,32.4,1.7,2.1,83.9,0.4,2.3,2.6,1.4,0.6,0.6,0.4,1.1,15.0,0,0,0.8
Wes_Iwundu,ATL,27,3,2,1,27.4,7.3,2.7,6.0,44.4,1.0,1.7,60.0,1.0,1.3,75.0,1.0,3.3,4.3,0.0,0.3,0.3,0.0,2.7,13.2,0,0,0.0
R.J._Hampton,ORL,21,47,9,38,19.8,7.3,2.6,6.8,38.4,1.0,2.6,36.6,1.2,1.9,61.1,0.3,2.6,2.9,2.3,1.3,0.7,0.3,1.5,15.7,0,0,-6.5
Ziaire_Williams,MEM,20,46,29,17,21.7,7.3,2.9,6.5,44.3,1.1,3.7,29.2,0.5,0.6,79.3,0.3,1.6,1.9,0.9,0.6,0.5,0.2,1.9,12.4,0,0,1.1
Joe_Ingles,POR,34,45,28,17,24.9,7.2,2.6,6.3,40.4,1.7,5.0,34.7,0.4,0.5,77.3,0.3,2.6,2.9,3.5,1.0,0.5,0.1,1.8,16.8,0,0,4.1
Steven_Adams,MEM,28,62,40,22,26.5,7.2,2.8,5.1,55.5,0.0,0.0,0.0,1.5,2.7,55.3,4.6,5.2,9.8,3.4,1.6,0.8,0.8,1.9,27.2,13,0,4.3
Jeremiah_Robinson-Earl,OKC,21,44,13,31,23.0,7.1,2.7,6.6,40.1,1.1,3.4,33.3,0.7,1.0,71.4,1.6,4.2,5.8,1.0,0.8,0.6,0.3,1.7,17.6,3,0,-5.3
Aaron_Wiggins,OKC,23,38,10,28,22.6,7.1,2.7,5.7,47.2,0.7,2.5,29.5,1.0,1.4,71.2,0.9,2.5,3.4,1.1,0.8,0.7,0.2,2.0,14.9,0,0,-2.9
Obi_Toppin,NYK,24,57,23,34,15.0,7.1,2.8,5.5,50.8,0.4,1.7,22.4,1.2,1.6,73.9,0.9,2.6,3.5,0.9,0.8,0.3,0.4,1.4,13.8,1,0,1.9
Ty_Jerome,OKC,24,48,15,33,16.7,7.1,2.6,6.8,37.8,1.1,3.9,29.0,0.8,1.0,80.9,0.4,1.2,1.6,2.3,0.8,0.6,0.1,1.5,13.9,0,0,-0.1
Gary_Payton_II,GSW,29,60,41,19,17.0,7.1,3.0,4.8,61.2,0.7,1.8,36.4,0.5,0.9,57.4,1.0,2.5,3.4,0.8,0.5,1.4,0.3,1.8,16.9,1,0,2.8
Jarred_Vanderbilt,MIN,22,60,34,26,26.0,7.1,3.0,5.0,59.2,0.0,0.2,16.7,1.1,1.8,64.2,3.0,5.8,8.8,1.4,1.0,1.4,0.7,2.5,25.1,7,0,2.2
George_Hill,MIL,35,41,27,14,25.5,7.0,2.5,5.7,43.6,0.9,2.9,31.6,1.2,1.2,96.0,0.9,2.4,3.2,2.5,0.9,0.8,0.1,1.4,16.6,0,0,7.7
Bismack_Biyombo,PHX,29,21,19,2,16.2,7.0,2.9,4.7,61.2,0.0,0.0,0.0,1.3,2.5,52.8,2.3,3.3,5.6,0.8,0.8,0.5,0.8,2.0,18.2,5,0,3.2
Isaiah_Jackson,IND,20,26,8,18,12.0,7.0,2.8,4.8,57.6,0.1,0.4,30.0,1.4,2.3,61.0,1.5,2.0,3.5,0.3,0.8,0.5,1.2,2.3,15.9,2,0,-1.3
Sekou_Doumbouya,LAL,21,2,0,2,8.2,7.0,2.5,4.0,62.5,0.5,1.0,50.0,1.5,2.0,75.0,1.0,2.0,3.0,0.0,1.0,1.5,1.0,0.5,17.1,0,0,12.0
Corey_Kispert,WAS,23,58,25,33,20.7,6.9,2.6,5.9,42.9,1.2,3.6,32.4,0.7,0.8,87.0,0.7,1.9,2.6,1.0,0.6,0.4,0.3,1.1,13.1,0,0,1.5
Josh_Christopher,HOU,20,56,14,42,16.5,6.9,2.6,6.1,43.4,0.7,2.3,30.0,0.9,1.2,77.9,0.7,1.6,2.3,1.8,1.4,0.8,0.1,1.1,13.7,0,0,-3.4
Larry_Nance_Jr.,NOP,29,37,14,23,23.2,6.9,2.8,5.4,51.5,0.5,1.7,30.6,0.9,1.3,65.3,1.6,4.1,5.6,2.0,0.7,1.0,0.4,1.8,20.0,0,0,-1.4
JaMychal_Green,DEN,31,51,28,23,15.6,6.8,2.5,5.2,47.5,0.6,2.1,27.5,1.3,1.5,88.0,1.2,3.0,4.1,0.9,0.9,0.7,0.4,2.3,15.6,1,0,-1.3
Zeke_Nnaji,DEN,21,39,23,16,16.7,6.8,2.4,4.5,54.0,0.9,1.9,48.7,1.0,1.6,61.3,1.4,2.3,3.7,0.4,0.5,0.3,0.3,1.9,13.2,0,0,-1.0
Lou_Williams,ATL,35,43,25,18,14.5,6.6,2.3,5.9,39.2,0.7,2.0,36.0,1.3,1.4,87.1,0.3,1.3,1.6,2.0,0.8,0.5,0.1,0.9,12.3,0,0,0.1
Blake_Griffin,BKN,32,51,25,26,17.8,6.6,2.5,5.9,42.0,0.6,2.7,24.3,1.0,1.4,72.2,1.1,3.1,4.2,1.9,0.5,0.5,0.3,1.7,16.3,1,0,-1.8
Patrick_Williams,CHI,20,5,4,1,24.9,6.6,2.6,4.6,56.5,0.6,1.2,50.0,0.8,0.8,100,0.2,2.0,2.2,0.6,0.4,0.6,0.4,1.8,12.7,0,0,2.4
Jalen_McDaniels,CHA,24,39,23,16,17.6,6.6,2.5,5.1,49.2,0.8,2.2,37.2,0.8,1.2,67.4,0.7,2.7,3.5,1.1,0.8,0.5,0.4,1.8,14.4,1,0,1.1
Mason_Plumlee,CHA,32,56,29,27,25.3,6.6,2.9,4.5,63.0,0.0,0.0,0.0,0.9,2.4,36.3,2.6,5.5,8.1,3.0,1.3,0.9,0.6,3.1,24.1,5,0,-0.2
Josh_Jackson,SAC,25,42,8,34,17.0,6.6,2.5,6.1,40.4,0.7,2.8,25.9,1.0,1.3,71.4,0.4,2.5,2.9,1.2,0.9,0.5,0.5,1.7,13.8,0,0,-3.6
Brandon_Boston_Jr.,LAC,20,45,24,21,14.6,6.5,2.3,6.2,37.4,0.7,2.2,30.6,1.2,1.4,83.1,0.3,1.9,2.2,0.9,0.6,0.5,0.2,0.8,12.1,0,0,-1.8
Serge_Ibaka,MIL,32,43,22,21,16.3,6.5,2.7,5.4,48.7,0.7,1.8,36.4,0.6,0.8,66.7,1.2,3.4,4.6,1.0,0.9,0.2,0.7,1.8,15.2,3,0,-1.7
Andre_Drummond,BKN,28,57,31,26,18.7,6.5,2.8,5.1,54.5,0.0,0.1,0.0,0.9,1.9,50.0,2.8,6.0,8.8,2.0,1.6,1.1,0.9,2.5,24.4,9,0,-0.2
Avery_Bradley,LAL,31,50,25,25,23.6,6.5,2.5,6.0,40.9,1.3,3.6,37.6,0.2,0.3,85.7,0.6,1.8,2.4,0.8,0.7,0.9,0.2,1.9,13.2,0,0,-2.6
BJ_Johnson,ORL,26,4,2,2,16.1,6.5,2.8,6.3,44.0,1.0,2.5,40.0,0.0,0.0,0.0,1.5,2.3,3.8,0.0,0.0,0.0,0.3,1.0,11.8,0,0,-3.0
Dewayne_Dedmon,MIA,32,55,36,19,16.2,6.5,2.5,4.4,57.7,0.3,0.6,50.0,1.1,1.4,79.5,1.7,4.2,6.0,0.8,1.1,0.4,0.6,2.5,16.6,3,0,1.9
Aaron_Holiday,PHX,25,49,24,25,16.5,6.5,2.6,5.4,47.5,0.6,1.6,38.5,0.7,0.9,81.4,0.3,1.4,1.7,2.3,1.1,0.6,0.2,1.5,13.3,0,0,-1.2
Wayne_Ellington,LAL,34,37,13,24,18.7,6.4,2.2,5.4,40.7,1.9,4.8,39.1,0.1,0.1,80.0,0.2,1.5,1.7,0.6,0.4,0.5,0.1,1.0,10.9,0,0,-1.6
Taurean_Prince,MIN,27,53,30,23,15.8,6.3,2.3,4.9,46.5,1.1,2.9,39.0,0.7,0.9,78.3,0.4,2.0,2.3,1.0,0.8,0.7,0.3,1.4,12.7,0,0,0.0
PLAYER,TEAM,AGE,GP,W,L,MIN,PTS,FGM,FGA,FG%,3PM,3PA,3P%,FTM,FTA,FT%,OREB,DREB,REB,AST,TOV,STL,BLK,PF,FP,DD2,TD3,+/-
Derrick_Walton_Jr.,DET,26,3,1,2,36.1,6.3,2.0,8.7,23.1,1.0,4.3,23.1,1.3,1.3,100,0.7,2.7,3.3,7.0,3.7,2.3,1.3,2.7,28.2,0,0,-1.0
Quentin_Grimes,NYK,21,40,17,23,17.4,6.3,2.2,5.2,42.1,1.7,4.2,39.8,0.3,0.4,64.7,0.6,1.4,1.9,1.0,0.6,0.7,0.3,1.5,12.1,0,0,-1.4
Kessler_Edwards,BKN,21,32,11,21,23.4,6.3,2.4,6.1,39.8,1.1,3.2,34.7,0.3,0.4,83.3,1.0,3.1,4.1,0.7,1.1,0.7,0.5,1.9,14.9,1,0,-3.3
Stanley_Johnson,LAL,25,29,11,18,21.4,6.3,2.4,5.0,47.6,0.7,2.1,31.1,0.9,1.2,71.4,0.7,2.4,3.1,1.5,0.6,0.7,0.4,2.6,15.0,0,0,-1.1
Kevon_Looney,GSW,26,64,43,21,21.4,6.3,2.6,4.7,56.2,0.0,0.0,0.0,1.0,1.7,61.3,2.7,4.9,7.5,1.8,0.9,0.6,0.7,2.7,21.2,4,0,2.5
Damian_Jones,SAC,26,42,14,28,15.1,6.3,2.5,3.8,64.4,0.1,0.4,31.3,1.2,1.7,72.2,1.3,2.5,3.8,1.1,1.0,0.3,0.7,2.1,14.5,1,0,-2.5
Tristan_Thompson,CHI,30,39,13,26,15.6,6.3,2.5,4.9,51.8,0.0,0.0,100,1.2,2.2,52.3,2.2,2.8,5.1,0.6,0.9,0.4,0.4,1.8,14.4,1,0,-1.9
Hassani_Gravett,ORL,25,8,2,6,21.4,6.3,2.3,4.8,47.4,1.4,3.3,42.3,0.4,0.5,75.0,0.1,2.5,2.6,2.5,1.1,0.6,0.1,1.6,14.3,0,0,-0.3
Torrey_Craig,PHX,31,60,23,37,20.2,6.3,2.4,5.5,43.6,0.9,2.9,31.0,0.6,0.8,73.9,1.1,2.8,4.0,1.1,0.9,0.5,0.4,1.8,14.6,2,0,-3.3
Thaddeus_Young,TOR,33,34,13,21,15.1,6.2,2.8,5.2,53.9,0.2,0.5,37.5,0.4,1.0,39.4,1.6,2.1,3.7,2.1,1.1,0.9,0.3,1.5,16.1,0,0,-1.7
Chaundee_Brown_Jr.,ATL,23,5,1,4,20.7,6.2,2.0,6.4,31.3,1.2,3.6,33.3,1.0,1.2,83.3,0.2,3.0,3.2,0.8,0.2,0.4,0.0,1.4,12.2,0,0,-4.0
Aleksej_Pokusevski,OKC,20,48,16,32,17.7,6.2,2.6,6.5,39.9,0.8,2.8,27.3,0.3,0.4,61.9,1.1,3.6,4.7,1.4,1.2,0.6,0.6,1.2,16.4,2,0,-1.3
Day'Ron_Sharpe,BKN,20,32,12,20,12.2,6.2,2.7,4.7,57.7,0.1,0.2,28.6,0.8,1.3,58.5,2.5,2.5,5.0,0.5,0.9,0.3,0.5,1.9,14.4,2,0,1.8
Danny_Green,PHI,34,45,26,19,22.5,6.2,2.1,5.4,39.5,1.7,4.5,37.3,0.2,0.2,90.0,0.5,1.9,2.4,1.0,0.8,1.0,0.6,1.8,14.7,0,0,2.0
Alex_Len,SAC,28,34,13,21,16.5,6.1,2.4,4.6,52.9,0.2,0.6,31.6,1.1,1.7,63.8,1.4,3.1,4.5,1.2,1.2,0.4,0.7,2.6,15.4,2,0,-2.4
Austin_Reaves,LAL,23,44,23,21,21.9,6.1,2.1,4.5,46.7,0.8,2.5,32.1,1.1,1.4,83.3,0.6,2.0,2.6,1.4,0.5,0.4,0.4,1.5,13.0,0,0,2.5
Kelan_Martin,BOS,26,28,12,16,16.0,6.1,2.5,6.1,41.2,0.8,2.6,29.7,0.3,0.5,69.2,0.6,1.4,1.9,0.8,0.5,0.5,0.3,1.3,11.4,0,0,-1.7
Austin_Rivers,DEN,29,49,31,18,21.2,6.1,2.2,5.3,42.0,1.2,3.5,34.3,0.4,0.6,66.7,0.3,1.3,1.7,1.2,0.8,0.8,0.1,1.7,11.6,0,0,1.5
James_Johnson,BKN,35,49,22,27,19.6,6.1,2.6,5.5,46.8,0.4,1.5,26.7,0.5,1.0,51.0,0.9,2.6,3.5,2.0,0.8,0.5,0.4,2.6,15.3,1,0,-1.0
Armoni_Brooks,TOR,23,42,11,31,16.5,6.0,2.1,6.0,34.7,1.5,5.1,30.0,0.4,0.5,84.2,0.3,1.6,1.9,1.2,0.5,0.5,0.2,1.5,11.6,0,0,-1.7
Nemanja_Bjelica,GSW,33,56,38,18,15.1,6.0,2.2,4.9,45.8,0.8,2.2,34.1,0.8,1.2,68.2,0.8,3.0,3.9,1.9,1.1,0.6,0.3,1.6,15.1,2,0,1.6
Killian_Hayes,DET,20,52,15,37,24.3,5.9,2.2,6.3,35.4,0.6,2.4,25.8,0.8,1.1,78.6,0.6,2.5,3.0,4.1,1.7,1.1,0.5,2.7,18.7,2,0,-6.2
Kira_Lewis_Jr.,NOP,20,24,6,18,14.2,5.9,2.5,6.1,40.4,0.5,2.4,22.4,0.4,0.5,83.3,0.4,1.3,1.6,2.0,1.1,0.5,0.0,0.7,11.3,0,0,-4.5
Derrick_Jones_Jr.,CHI,25,39,25,14,17.5,5.9,2.2,3.9,54.9,0.4,1.1,36.4,1.2,1.5,78.9,1.2,2.2,3.4,0.5,0.5,0.4,0.7,2.3,13.5,0,0,1.6
Omer_Yurtseven,MIA,23,46,32,14,13.4,5.9,2.5,4.7,53.9,0.0,0.2,14.3,0.8,1.2,63.6,1.6,4.0,5.6,1.0,0.8,0.3,0.4,1.7,15.5,8,0,0.8
Davis_Bertans,DAL,29,41,21,20,14.8,5.9,1.8,5.2,35.4,1.4,4.4,32.4,0.8,0.8,91.2,0.2,1.7,1.9,0.5,0.3,0.3,0.2,1.6,10.1,0,0,0.2
Cassius_Stanley,DET,22,9,3,6,17.2,5.8,2.1,5.1,41.3,0.4,1.9,23.5,1.1,1.1,100,0.6,1.6,2.1,0.4,0.7,0.6,0.2,1.9,10.6,0,0,-1.7
Brandon_Goodwin,CLE,26,22,13,9,17.3,5.8,2.2,5.7,39.2,0.7,2.2,33.3,0.6,1.0,61.9,0.5,2.0,2.6,3.7,1.1,1.0,0.0,1.5,16.2,1,0,1.4
Facundo_Campazzo,DEN,30,57,34,23,20.0,5.7,1.8,4.9,37.2,1.0,3.2,31.3,1.1,1.3,78.9,0.4,1.6,2.0,3.6,1.1,1.0,0.4,2.1,16.8,2,0,-3.7
Eric_Paschall,UTA,25,46,29,17,13.0,5.7,1.9,3.9,48.9,0.8,2.0,38.5,1.1,1.5,76.5,0.5,1.4,2.0,0.6,0.6,0.2,0.1,0.9,9.2,0,0,0.5
Danuel_House_Jr.,UTA,28,31,12,19,15.7,5.7,1.9,4.5,42.0,1.0,2.4,40.0,1.0,1.2,81.1,0.4,2.1,2.5,1.2,0.7,0.4,0.3,1.2,11.9,0,0,-1.0
Keifer_Sykes,IND,28,23,4,19,17.9,5.7,2.1,6.1,34.8,0.9,3.0,29.4,0.5,0.6,85.7,0.3,1.4,1.7,2.0,1.1,0.3,0.2,1.6,11.2,0,0,-2.0
Matisse_Thybulle,PHI,25,48,31,17,26.0,5.6,2.3,4.6,49.3,0.7,2.4,28.4,0.4,0.5,72.0,0.5,1.8,2.4,1.2,0.6,1.8,1.1,2.3,18.2,0,0,0.2
Dennis_Smith_Jr.,POR,24,37,15,22,17.3,5.6,2.1,5.1,41.8,0.2,0.7,22.2,1.1,1.7,65.6,0.5,1.8,2.4,3.6,1.4,1.2,0.3,1.4,17.0,0,0,-3.7
Greg_Monroe,MIL,31,10,5,5,15.0,5.5,2.4,4.4,54.5,0.0,0.0,0.0,0.7,1.4,50.0,2.3,2.9,5.2,1.4,0.9,0.6,0.7,1.6,16.8,0,0,0.5
Ish_Smith,WAS,33,46,21,25,15.5,5.5,2.5,5.7,43.5,0.3,0.8,38.5,0.3,0.4,60.0,0.4,1.5,1.9,3.2,1.1,0.6,0.3,1.2,14.2,0,0,-2.0
Justise_Winslow,POR,25,44,23,21,15.7,5.5,2.2,4.9,45.1,0.3,1.2,24.5,0.8,1.3,61.4,0.9,3.1,4.1,1.7,1.0,0.7,0.5,1.4,15.6,2,0,0.8
Nik_Stauskas,BOS,28,2,1,1,11.9,5.5,1.5,4.0,37.5,1.0,2.0,50.0,1.5,2.0,75.0,0.5,1.0,1.5,0.5,0.0,0.0,0.0,0.5,8.1,0,0,8.0
Xavier_Moon,LAC,27,6,3,3,13.9,5.5,2.3,5.7,41.2,0.5,1.7,30.0,0.3,0.5,66.7,0.2,1.3,1.5,1.7,0.5,0.8,0.2,0.7,12.3,0,0,-2.3
Trey_Burke,DAL,29,33,18,15,10.6,5.5,2.2,5.2,41.3,0.7,2.1,32.9,0.5,0.6,84.2,0.1,0.8,0.8,1.4,0.6,0.3,0.0,0.9,9.0,0,0,0.0
P.J._Dozier,DEN,25,18,9,9,18.9,5.4,2.0,5.5,36.4,0.8,2.7,31.3,0.6,0.7,76.9,0.8,2.7,3.5,1.6,0.7,0.6,0.3,1.8,14.1,0,0,-5.0
Keita_Bates-Diop,SAS,26,50,18,32,16.2,5.4,2.2,4.3,50.9,0.3,1.0,34.7,0.7,1.0,70.8,1.0,2.9,3.9,0.7,0.7,0.5,0.3,1.1,12.8,1,0,0.1
DeAndre'_Bembry,MIL,27,53,29,24,18.9,5.4,2.3,4.1,56.9,0.3,0.7,41.7,0.4,0.7,60.0,0.8,2.3,3.0,1.2,0.6,0.9,0.5,2.1,14.3,0,0,-0.7
Garrett_Temple,NOP,35,56,22,34,18.9,5.4,1.9,5.0,38.3,1.0,3.1,32.0,0.5,0.7,68.3,0.5,2.0,2.5,1.3,0.7,0.8,0.4,1.4,13.1,0,0,-5.9
D.J._Augustin,LAL,34,36,10,26,15.3,5.3,1.6,4.0,40.3,1.2,2.9,40.8,0.9,1.1,86.8,0.2,1.0,1.2,2.3,1.3,0.4,0.0,0.5,10.1,0,0,-3.8
Zach_Collins,SAS,24,10,4,6,16.3,5.3,2.1,4.4,47.7,0.4,1.2,33.3,0.7,1.0,70.0,1.8,3.8,5.6,2.0,2.0,0.7,0.5,2.4,16.6,0,0,0.8
Derrick_Favors,OKC,30,39,15,24,16.7,5.3,2.4,4.7,51.6,0.1,0.4,12.5,0.4,0.6,64.0,1.5,3.2,4.7,0.6,0.2,0.4,0.3,1.6,13.9,1,0,-3.7
Olivier_Sarr,OKC,23,8,2,6,14.0,5.3,2.1,4.0,53.1,0.3,1.0,25.0,0.8,1.0,75.0,1.3,2.4,3.6,0.5,0.8,0.3,0.5,1.8,11.9,0,0,-7.0
Dwight_Howard,LAL,36,46,18,28,14.7,5.2,1.9,3.2,60.0,0.1,0.2,66.7,1.3,2.1,62.5,2.0,3.6,5.6,0.5,0.8,0.6,0.6,2.0,15.7,3,0,-0.7
Luka_Garza,DET,23,29,3,26,11.7,5.2,1.9,4.3,44.4,0.5,1.4,34.1,0.9,1.4,64.3,1.7,1.3,3.0,0.6,0.6,0.3,0.1,1.7,10.3,1,0,-1.7
PLAYER,TEAM,AGE,GP,W,L,MIN,PTS,FGM,FGA,FG%,3PM,3PA,3P%,FTM,FTA,FT%,OREB,DREB,REB,AST,TOV,STL,BLK,PF,FP,DD2,TD3,+/-
Cody_Zeller,POR,29,27,13,14,13.1,5.2,1.9,3.3,56.7,0.0,0.1,0.0,1.4,1.8,77.6,1.9,2.8,4.6,0.8,0.7,0.3,0.2,2.1,12.8,0,0,-1.0
Tre_Jones,SAS,22,51,22,29,14.2,5.2,2.1,4.1,51.2,0.1,0.5,13.0,0.9,1.1,83.6,0.4,1.5,1.9,2.7,0.6,0.5,0.0,1.0,12.3,1,0,-0.7
Dean_Wade,CLE,25,48,26,22,18.8,5.1,1.9,4.1,45.2,1.0,2.8,36.1,0.4,0.6,65.5,0.6,2.3,3.0,1.0,0.3,0.5,0.1,1.7,11.9,1,0,0.8
Goga_Bitadze,IND,22,40,14,26,11.9,5.1,1.9,4.0,48.1,0.3,1.3,24.5,1.0,1.5,62.3,1.2,1.7,2.9,0.8,0.9,0.3,0.7,1.9,11.9,1,0,0.0
Trendon_Watford,POR,21,37,14,23,14.1,5.1,2.0,3.6,54.8,0.1,0.4,20.0,1.0,1.4,71.7,0.9,2.7,3.6,1.3,0.7,0.4,0.5,2.0,13.1,1,0,-5.1
Payton_Pritchard,BOS,24,55,34,21,12.8,5.1,1.9,4.7,39.6,1.1,2.9,37.5,0.3,0.3,100,0.4,1.3,1.7,1.8,0.6,0.2,0.1,0.8,10.1,0,0,-0.4
Drew_Eubanks,POR,25,53,17,36,13.0,5.1,1.9,3.5,55.7,0.0,0.2,12.5,1.2,1.6,74.4,1.4,2.9,4.3,1.0,1.0,0.3,0.6,1.4,13.3,2,0,-2.0
Maurice_Harkless,SAC,28,43,14,29,19.6,5.0,1.9,4.2,45.9,0.7,2.3,30.7,0.5,0.7,71.4,0.3,2.2,2.5,0.5,0.7,0.6,0.6,1.7,11.7,1,0,-1.8
David_Nwaba,HOU,29,40,5,35,13.5,5.0,1.9,3.9,47.4,0.3,1.1,28.6,1.0,1.4,71.9,0.9,2.6,3.5,0.8,0.5,0.6,0.5,1.3,13.1,0,0,-2.6
James_Bouknight,CHA,21,28,13,15,10.6,5.0,1.7,4.9,35.3,0.6,1.8,34.7,1.0,1.1,87.1,0.8,1.0,1.7,0.8,0.5,0.3,0.0,1.0,8.7,0,0,-1.6
Joshua_Primo,SAS,19,34,13,21,16.1,5.0,1.7,4.6,37.8,0.8,2.4,33.7,0.7,0.9,75.0,0.7,1.2,1.9,1.4,0.9,0.4,0.5,1.4,11.0,0,0,-2.1
Juwan_Morgan,TOR,24,1,0,1,27.4,5.0,2.0,3.0,66.7,1.0,2.0,50.0,0.0,0.0,0.0,2.0,2.0,4.0,1.0,0.0,0.0,0.0,3.0,11.3,0,0,-25.0
Marquese_Chriss,DAL,24,23,17,6,11.1,5.0,2.1,4.4,47.5,0.3,0.9,33.3,0.5,0.8,63.2,1.0,2.5,3.5,0.5,0.7,0.5,0.4,2.1,12.0,0,0,0.5
Rajon_Rondo,CLE,36,32,14,18,18.6,5.0,1.8,4.9,37.8,0.8,2.4,32.9,0.5,0.7,73.9,0.4,2.6,3.0,4.3,1.9,0.8,0.2,1.5,16.0,1,0,-2.0
Jose_Alvarado,NOP,23,36,16,20,13.0,5.0,1.9,4.5,42.6,0.6,1.8,31.8,0.6,0.8,74.1,0.3,1.1,1.4,2.1,0.6,1.0,0.1,1.4,12.8,0,0,4.0
Svi_Mykhailiuk,TOR,24,49,24,25,14.1,5.0,1.8,4.5,39.6,0.8,2.6,30.4,0.6,0.7,85.3,0.4,1.5,1.9,0.9,0.6,0.5,0.1,1.0,9.7,0,0,-1.6
David_Duke_Jr.,BKN,22,21,9,12,16.2,5.0,1.9,5.1,36.1,0.4,1.8,24.3,0.8,1.0,81.0,1.4,1.8,3.2,0.8,0.4,0.7,0.3,1.7,12.6,2,0,-0.4
Theo_Maledon,OKC,20,37,11,26,14.7,4.9,1.5,4.8,32.4,0.6,2.5,26.4,1.2,1.4,83.0,0.3,1.5,1.7,1.4,0.8,0.5,0.1,1.1,10.2,0,0,-4.9
Saben_Lee,DET,22,28,6,22,14.6,4.9,1.6,4.4,37.7,0.4,1.6,27.3,1.2,1.5,76.7,0.4,2.0,2.4,2.3,0.9,0.9,0.4,0.9,14.1,0,0,-2.3
Wesley_Matthews,MIL,35,34,22,12,19.7,4.9,1.7,4.5,38.3,1.1,3.3,32.4,0.4,0.5,75.0,0.5,1.4,1.9,0.7,0.4,0.4,0.1,1.9,9.6,0,0,3.5
Lamar_Stevens,CLE,24,45,28,17,14.0,4.8,2.0,4.1,47.3,0.3,1.0,28.3,0.6,1.0,65.1,0.6,1.5,2.1,0.6,0.5,0.4,0.2,1.4,9.7,0,0,-0.8
Trevelin_Queen,HOU,25,9,1,8,7.9,4.8,1.7,3.4,48.4,1.0,2.6,39.1,0.4,0.4,100,0.7,1.0,1.7,0.3,0.8,0.6,0.0,0.7,8.2,0,0,0.6
Yuta_Watanabe,TOR,27,30,15,15,13.4,4.8,1.6,4.0,41.2,0.8,2.2,37.3,0.7,1.2,57.1,0.6,2.1,2.7,0.6,0.6,0.3,0.5,1.2,10.6,2,0,-2.0
Jock_Landale,SAS,26,38,15,23,10.3,4.8,1.8,3.7,48.6,0.6,1.7,33.3,0.6,0.7,85.7,1.1,1.1,2.2,0.9,0.7,0.2,0.3,1.0,9.5,1,0,-0.2
Romeo_Langford,SAS,22,44,22,22,16.6,4.7,1.8,4.2,42.9,0.7,1.9,34.9,0.5,0.8,58.8,0.7,1.7,2.4,0.4,0.4,0.5,0.4,1.0,10.3,0,0,-0.2
CJ_Elleby,POR,21,39,15,24,16.4,4.7,1.7,4.5,38.5,0.5,1.8,25.0,0.8,1.1,75.6,0.9,2.3,3.2,1.2,0.7,0.6,0.3,1.8,12.1,0,0,-3.3
Cameron_McGriff,POR,24,3,0,3,15.3,4.7,1.7,4.7,35.7,0.7,2.0,33.3,0.7,0.7,100,2.0,3.0,5.0,1.0,0.0,0.0,0.3,2.3,13.2,0,0,2.7
Udoka_Azubuike,UTA,22,16,10,6,11.6,4.6,2.1,2.9,73.9,0.0,0.0,0.0,0.4,0.7,54.5,1.1,3.1,4.3,0.0,0.8,0.1,0.7,1.4,11.2,1,0,0.6
Rodney_McGruder,DET,30,39,9,30,13.6,4.6,1.7,3.8,44.9,1.0,2.4,41.3,0.3,0.4,71.4,0.5,1.4,1.9,0.8,0.4,0.4,0.1,1.0,9.3,0,0,-0.3
Khem_Birch,TOR,29,38,21,17,18.2,4.6,1.8,3.8,47.2,0.0,0.2,0.0,1.0,1.4,73.6,2.2,2.1,4.4,1.1,0.5,0.7,0.5,1.8,14.6,0,0,0.3
Troy_Brown_Jr.,CHI,22,53,33,20,17.5,4.6,1.7,4.2,41.3,0.7,2.1,34.8,0.4,0.5,76.0,0.7,2.7,3.3,1.0,0.4,0.6,0.1,1.1,11.7,0,0,-1.4
John_Konchar,MEM,25,57,37,20,18.2,4.6,1.7,3.5,49.2,0.7,1.8,40.6,0.4,0.7,59.0,1.1,3.3,4.5,1.4,0.4,0.6,0.3,1.3,14.5,2,0,0.8
Boban_Marjanovic,DAL,33,18,11,7,5.4,4.5,2.0,3.2,63.2,0.1,0.2,33.3,0.4,0.9,50.0,0.4,1.3,1.7,0.1,0.6,0.0,0.1,1.1,6.4,0,0,1.6
Louis_King,SAC,22,10,2,8,10.4,4.5,1.5,4.7,31.9,0.8,2.7,29.6,0.7,1.0,70.0,0.0,1.2,1.2,0.9,0.0,0.2,0.1,1.4,8.2,0,0,-2.9
Josh_Green,DAL,21,49,31,18,14.6,4.5,1.8,3.5,51.7,0.3,0.9,34.9,0.6,0.8,69.2,0.8,1.6,2.4,1.3,0.5,0.6,0.2,1.7,11.2,1,0,2.2
Jabari_Parker,BOS,26,12,4,8,9.4,4.4,1.5,3.2,47.4,0.7,1.3,50.0,0.8,0.8,100,0.4,1.9,2.3,0.5,0.7,0.3,0.1,1.1,8.6,0,0,-0.6
Xavier_Tillman,MEM,23,41,27,14,12.6,4.4,1.7,3.8,45.2,0.2,0.9,21.6,0.8,1.2,64.6,1.1,1.7,2.9,1.0,0.7,1.0,0.3,1.2,12.7,0,0,-1.0
Juan_Toscano-Anderson,GSW,28,61,43,18,14.3,4.4,1.7,3.5,48.6,0.4,1.3,29.5,0.6,1.1,58.2,0.4,2.1,2.6,1.9,1.0,0.7,0.2,1.6,12.3,0,0,0.8
Delon_Wright,ATL,29,58,30,28,18.1,4.4,1.6,3.5,44.4,0.5,1.4,37.3,0.7,0.8,83.7,0.7,2.2,2.8,2.4,0.6,1.0,0.2,0.7,14.5,0,0,0.0
Kyle_Guy,MIA,24,17,13,4,10.6,4.4,1.5,3.6,41.9,0.8,2.2,37.8,0.5,0.7,66.7,0.1,0.6,0.8,1.0,0.8,0.4,0.1,0.7,7.4,0,0,-2.4
Naji_Marshall,NOP,24,37,14,23,10.2,4.4,1.5,3.8,40.1,0.3,1.6,20.0,0.9,1.2,77.8,0.6,1.6,2.2,0.8,0.7,0.5,0.1,1.0,9.4,0,0,-0.8
Reggie_Perry,IND,21,3,0,3,16.9,4.3,1.7,3.3,50.0,0.3,0.7,50.0,0.7,0.7,100,0.7,2.0,2.7,0.7,0.3,0.3,0.0,3.0,9.2,0,0,-6.0
Malachi_Flynn,TOR,23,40,22,18,12.0,4.3,1.7,4.1,40.7,0.7,2.0,33.3,0.4,0.6,60.9,0.2,1.2,1.4,1.6,0.3,0.5,0.1,1.1,9.8,0,0,-0.2
Mamadi_Diakite,OKC,25,13,4,9,14.4,4.3,1.9,3.6,53.2,0.0,0.4,0.0,0.5,0.8,54.5,1.3,3.2,4.5,0.2,0.5,0.4,0.7,2.5,12.7,0,0,-1.1
Vlatko_Cancar,DEN,24,14,7,7,10.9,4.3,1.6,2.8,56.4,0.5,0.9,58.3,0.6,0.9,75.0,0.4,1.2,1.6,0.9,0.6,0.1,0.2,0.9,8.2,0,0,1.0
Frank_Ntilikina,DAL,23,48,28,20,12.4,4.2,1.5,4.0,37.5,0.7,2.1,34.0,0.5,0.5,95.8,0.2,1.2,1.3,1.1,0.5,0.5,0.1,1.1,8.8,0,0,1.0
Sam_Merrill,MEM,25,6,2,4,9.6,4.2,1.3,4.0,33.3,1.2,3.8,30.4,0.3,0.7,50.0,0.2,1.0,1.2,0.7,0.3,0.0,0.0,0.5,6.2,0,0,-1.5
James_Ennis_III,DEN,31,7,3,4,7.9,4.1,1.6,3.4,45.8,0.4,1.1,37.5,0.6,0.7,80.0,0.7,1.0,1.7,0.4,0.3,0.3,0.3,0.7,8.3,0,0,0.0
Matt_Thomas,CHI,27,37,22,15,12.2,4.1,1.4,3.5,40.6,0.9,2.3,38.4,0.4,0.5,80.0,0.1,1.2,1.3,0.5,0.2,0.2,0.1,0.5,7.2,0,0,0.8
DeAndre_Jordan,PHI,33,32,15,17,12.8,4.1,1.9,2.8,67.4,0.0,0.0,0.0,0.4,0.8,46.2,1.6,3.8,5.4,0.4,0.7,0.3,0.8,1.6,13.9,0,0,-3.4
PLAYER,TEAM,AGE,GP,W,L,MIN,PTS,FGM,FGA,FG%,3PM,3PA,3P%,FTM,FTA,FT%,OREB,DREB,REB,AST,TOV,STL,BLK,PF,FP,DD2,TD3,+/-
Malcolm_Hill,CHI,26,17,7,10,11.6,4.1,1.4,2.9,46.9,0.8,2.0,38.2,0.6,0.8,78.6,0.6,1.2,1.9,0.3,0.1,0.4,0.2,1.3,8.3,0,0,-1.1
Andre_Iguodala,GSW,38,26,17,9,19.9,4.1,1.5,3.9,39.2,0.5,2.3,23.0,0.5,0.6,81.3,0.7,2.6,3.3,3.8,0.9,0.8,0.8,1.0,17.9,0,0,4.6
Timothe_Luwawu-Cabarrot,ATL,26,37,20,17,12.3,4.0,1.4,3.5,38.5,0.9,2.4,36.8,0.5,0.5,85.0,0.2,1.1,1.3,0.7,0.4,0.4,0.1,1.2,7.7,0,0,-1.3
Keon_Johnson,POR,19,19,6,13,12.0,4.0,1.3,4.3,30.9,0.3,1.1,28.6,1.1,1.4,76.9,0.4,1.2,1.6,1.1,0.5,0.5,0.2,1.3,9.1,0,0,-2.9
Micah_Potter,DET,23,3,2,1,10.3,4.0,1.7,3.7,45.5,0.0,0.7,0.0,0.7,0.7,100,1.3,1.7,3.0,0.0,0.3,0.3,0.3,1.3,9.3,0,0,-13.3
Scotty_Hopson,OKC,32,1,0,1,17.7,4.0,2.0,4.0,50.0,0.0,1.0,0.0,0.0,0.0,0.0,0.0,1.0,1.0,1.0,2.0,0.0,0.0,1.0,4.7,0,0,-6.0
Taj_Gibson,NYK,36,40,17,23,18.1,4.0,1.6,3.0,52.5,0.2,0.6,36.4,0.7,0.9,76.5,1.7,2.8,4.5,0.7,0.6,0.4,0.8,2.7,13.4,0,0,1.1
Davon_Reed,DEN,26,33,21,12,12.9,3.9,1.5,3.2,47.1,0.8,1.7,43.9,0.2,0.2,85.7,0.3,2.0,2.4,0.9,0.2,0.5,0.1,1.3,9.8,0,0,0.6
Trevor_Ariza,LAL,36,22,8,14,18.9,3.8,1.3,3.7,34.1,0.9,3.0,30.3,0.4,0.7,53.3,0.3,3.0,3.2,1.0,0.5,0.5,0.2,0.9,11.0,0,0,-2.1
Moses_Moody,GSW,19,39,27,12,10.3,3.8,1.3,3.1,42.6,0.7,1.9,34.7,0.5,0.6,75.0,0.3,1.1,1.4,0.4,0.2,0.1,0.2,0.6,6.5,0,0,-0.4
Isaiah_Joe,PHI,22,44,26,18,11.7,3.8,1.2,3.4,35.8,0.9,2.6,33.3,0.5,0.5,91.7,0.1,1.0,1.1,0.7,0.4,0.3,0.0,0.9,6.6,0,0,0.1
Kent_Bazemore,LAL,32,35,16,19,14.4,3.8,1.3,3.7,34.6,0.8,2.1,39.2,0.4,0.5,76.5,0.3,1.5,1.8,0.9,0.5,0.7,0.2,1.7,9.5,0,0,-2.9
Trey_Murphy_III,NOP,21,45,22,23,11.8,3.8,1.2,3.5,34.0,0.9,2.5,34.5,0.5,0.6,85.7,0.6,1.4,2.0,0.5,0.3,0.3,0.1,0.9,7.9,0,0,-0.4
Markus_Howard,DEN,23,25,15,10,5.7,3.7,1.1,3.1,36.4,0.9,2.2,41.1,0.5,0.6,86.7,0.0,0.3,0.3,0.2,0.2,0.3,0.0,0.4,5.0,0,0,0.3
Cheick_Diallo,DET,25,3,0,3,10.2,3.7,1.0,2.7,37.5,0.0,0.0,0.0,1.7,2.0,83.3,1.3,2.7,4.0,0.0,0.3,0.3,0.0,2.0,9.1,0,0,-11.0
KZ_Okpala,MIA,22,21,14,7,11.6,3.7,1.4,3.3,43.5,0.4,1.2,34.6,0.4,0.5,72.7,0.5,1.4,2.0,0.7,0.2,0.2,0.3,1.2,8.3,0,0,0.3
Lindy_Waters_III,OKC,24,9,2,7,12.6,3.7,1.3,3.3,40.0,1.0,3.0,33.3,0.0,0.0,0.0,0.0,1.7,1.7,0.1,0.2,0.1,0.4,1.2,7.3,0,0,-4.4
Mychal_Mulder,ORL,27,15,2,13,13.0,3.7,1.3,4.5,29.9,0.9,3.1,28.3,0.1,0.1,100,0.1,1.3,1.4,0.2,0.5,0.3,0.1,0.8,6.1,0,0,-3.6
Enes_Freedom,BOS,29,35,20,15,11.8,3.7,1.5,2.8,52.6,0.1,0.1,40.0,0.7,0.8,85.7,1.7,2.8,4.6,0.2,0.6,0.1,0.4,1.2,10.5,2,0,2.0
Jevon_Carter,MIL,26,51,29,22,12.3,3.6,1.3,3.7,33.7,0.9,2.7,34.3,0.2,0.3,78.6,0.2,1.3,1.5,1.0,0.5,0.3,0.2,1.0,7.9,0,0,-0.7
Greg_Brown_III,POR,20,31,12,19,9.2,3.6,1.4,3.1,43.8,0.2,0.8,19.2,0.8,1.2,64.9,0.6,1.5,2.2,0.3,0.4,0.5,0.4,1.2,9.0,0,0,-3.0
Jarrett_Culver,MEM,23,28,21,7,9.1,3.6,1.4,3.5,40.8,0.4,1.2,29.4,0.4,0.8,52.2,0.4,1.0,1.4,0.9,0.5,0.5,0.1,1.1,8.3,0,0,0.9
Devontae_Cacok,SAS,25,11,4,7,8.4,3.6,1.6,2.4,69.2,0.0,0.0,0.0,0.4,0.6,57.1,0.6,2.6,3.3,0.5,0.2,0.6,0.6,1.1,11.9,0,0,0.0
Brad_Wanamaker,WAS,32,23,10,13,13.9,3.6,1.2,3.3,36.4,0.2,0.7,23.5,1.0,1.1,92.0,0.3,1.4,1.7,2.4,1.0,0.3,0.3,2.0,9.9,0,0,-1.9
Gorgui_Dieng,ATL,32,40,20,20,8.9,3.6,1.3,2.6,48.1,0.7,1.5,43.3,0.4,0.6,70.8,0.8,2.1,2.9,0.8,0.5,0.3,0.3,1.2,9.6,0,0,-1.4
Sterling_Brown,DAL,27,40,25,15,13.4,3.6,1.3,3.3,40.2,0.7,2.0,33.8,0.3,0.3,90.9,0.6,2.7,3.3,0.8,0.5,0.3,0.2,1.2,9.5,2,0,1.2
Anthony_Gill,WAS,29,29,11,18,8.6,3.6,1.2,2.0,61.0,0.3,0.5,64.3,0.8,1.1,71.0,0.7,0.8,1.5,0.5,0.4,0.1,0.2,1.4,6.8,0,0,1.7
Paul_Millsap,PHI,37,31,21,10,11.1,3.5,1.4,3.5,39.4,0.3,1.1,23.5,0.5,0.7,69.6,1.3,2.3,3.5,0.9,0.5,0.3,0.4,2.0,10.5,0,0,-0.5
Tony_Snell,NOP,30,46,18,28,15.4,3.5,1.3,3.1,41.5,0.9,2.4,36.9,0.1,0.1,100,0.3,1.8,2.2,0.5,0.3,0.3,0.2,1.3,7.8,0,0,-1.7
Jared_Harper,NOP,24,2,1,1,5.2,3.5,1.5,3.5,42.9,0.5,1.0,50.0,0.0,0.0,0.0,0.5,0.0,0.5,1.5,0.5,0.0,0.5,1.0,7.4,0,0,0.0
Justin_Anderson,IND,28,6,1,5,12.8,3.5,1.0,3.2,31.6,0.5,2.5,20.0,1.0,1.2,85.7,0.3,1.3,1.7,1.5,0.5,0.3,0.2,1.5,8.8,0,0,7.2
Alfonzo_McKinnie,CHI,29,17,8,9,12.1,3.5,1.4,3.6,39.3,0.5,1.6,33.3,0.1,0.5,25.0,0.8,1.2,1.9,0.3,0.4,0.1,0.2,1.5,6.7,0,0,-3.2
Killian_Tillie,MEM,24,34,25,9,13.1,3.5,1.3,3.6,35.5,0.8,2.4,33.8,0.1,0.2,62.5,0.6,1.1,1.7,0.6,0.3,0.7,0.4,1.6,9.4,0,0,1.4
Paul_Watson,OKC,27,9,2,7,17.4,3.4,1.3,3.9,34.3,0.7,2.9,23.1,0.1,0.2,50.0,0.3,2.7,3.0,0.9,0.4,0.3,0.3,1.1,9.9,0,0,-6.2
Dalano_Banton,TOR,22,54,29,25,11.3,3.4,1.4,3.4,40.5,0.2,0.9,26.5,0.4,0.6,62.9,0.6,1.4,2.0,1.5,0.9,0.5,0.2,1.1,9.1,0,0,0.4
Nerlens_Noel,NYK,27,25,10,15,22.5,3.4,1.3,2.4,53.3,0.0,0.1,0.0,0.8,1.2,70.0,1.9,3.7,5.6,0.9,0.8,1.2,1.2,2.7,18.1,0,0,-2.7
Nick_Richards,CHA,24,42,21,21,8.2,3.4,1.3,2.0,68.3,0.0,0.0,0.0,0.7,1.0,69.8,0.7,1.2,1.9,0.3,0.5,0.2,0.5,1.2,7.6,0,0,-2.2
Tyler_Cook,CHI,24,19,12,7,10.3,3.4,1.2,1.9,61.1,0.0,0.0,0.0,1.1,1.6,64.5,0.8,1.9,2.7,0.2,0.4,0.2,0.2,1.4,7.8,0,0,-1.6
Lindell_Wigginton,MIL,23,14,9,5,8.2,3.4,1.1,2.1,51.7,0.5,1.0,50.0,0.7,1.3,55.6,0.1,1.0,1.1,0.5,0.5,0.2,0.1,0.6,5.8,0,0,-1.8
Aaron_Nesmith,BOS,22,45,27,18,10.5,3.4,1.2,3.4,36.6,0.5,2.1,24.2,0.4,0.4,84.2,0.3,1.4,1.7,0.4,0.6,0.3,0.1,1.2,6.6,0,0,0.6
Daishen_Nix,HOU,20,9,1,8,7.7,3.3,1.4,2.3,61.9,0.3,0.8,42.9,0.1,0.3,33.3,0.1,1.0,1.1,1.1,1.0,0.8,0.0,0.4,7.7,0,0,-0.2
Santi_Aldama,MEM,21,27,17,10,10.2,3.3,1.4,3.6,38.1,0.1,1.4,10.3,0.4,0.7,60.0,0.9,1.5,2.4,0.5,0.3,0.1,0.3,1.0,7.6,1,0,0.7
Skylar_Mays,ATL,24,24,13,11,8.7,3.3,1.3,2.6,51.6,0.3,1.0,32.0,0.3,0.4,88.9,0.2,0.8,1.0,0.7,0.4,0.3,0.0,0.3,6.0,1,0,-1.5
Tremont_Waters,WAS,24,3,0,3,16.8,3.3,1.3,4.7,28.6,0.7,3.0,22.2,0.0,0.0,0.0,0.0,1.3,1.3,2.3,1.3,1.7,0.0,1.3,12.1,0,0,-6.3
Jared_Butler,UTA,21,29,23,6,7.6,3.3,1.2,3.2,39.1,0.6,1.7,35.4,0.2,0.4,58.3,0.1,0.7,0.8,1.2,0.8,0.3,0.2,1.0,6.9,0,0,-1.6
Elfrid_Payton,PHX,28,40,32,8,11.6,3.3,1.5,3.7,39.5,0.1,0.4,25.0,0.3,0.7,39.3,0.5,1.4,1.9,2.1,1.0,0.5,0.1,0.9,9.5,0,0,-0.2
Tim_Frazier,CLE,31,12,1,11,17.3,3.3,1.2,3.8,31.1,0.5,1.4,35.3,0.4,0.8,55.6,0.4,1.2,1.6,2.8,1.3,0.3,0.1,2.3,9.2,0,0,-6.7
Vit_Krejci,OKC,21,12,4,8,14.0,3.3,1.2,2.9,40.0,0.6,1.8,33.3,0.3,0.3,100,0.3,1.4,1.7,0.7,0.4,0.3,0.1,1.4,7.1,0,0,-4.3
Admiral_Schofield,ORL,24,29,8,21,10.3,3.2,1.2,2.7,45.6,0.5,1.6,31.1,0.2,0.3,70.0,0.4,1.5,1.9,0.6,0.5,0.1,0.1,1.2,6.6,0,0,-1.8
Trent_Forrest,UTA,23,51,34,17,12.6,3.2,1.2,2.4,52.1,0.1,0.4,23.8,0.6,0.8,82.1,0.4,1.3,1.7,1.7,0.9,0.5,0.1,0.8,8.6,0,0,1.3
PLAYER,TEAM,AGE,GP,W,L,MIN,PTS,FGM,FGA,FG%,3PM,3PA,3P%,FTM,FTA,FT%,OREB,DREB,REB,AST,TOV,STL,BLK,PF,FP,DD2,TD3,+/-
Ignas_Brazdeikis,ORL,23,31,6,25,9.1,3.2,1.2,2.9,40.7,0.4,1.3,30.8,0.4,0.5,76.5,0.4,0.9,1.3,0.7,0.3,0.3,0.1,0.9,6.5,0,0,-1.2
Jahmi'us_Ramsey,SAC,20,19,2,17,7.0,3.2,1.3,3.1,41.4,0.3,0.9,27.8,0.4,0.7,50.0,0.2,0.5,0.7,0.4,0.3,0.1,0.1,0.5,4.6,0,0,-1.1
Elijah_Hughes,POR,23,20,13,7,9.8,3.2,1.2,3.5,32.9,0.7,2.6,27.5,0.2,0.2,100,0.2,1.3,1.5,0.5,0.5,0.3,0.2,0.8,6.3,0,0,-5.1
Justin_Robinson,DET,24,25,13,12,12.1,3.1,1.1,3.7,30.1,0.7,2.4,29.5,0.2,0.3,50.0,0.2,0.7,0.8,1.3,0.7,0.4,0.0,1.1,6.6,0,0,-4.9
Moses_Brown,DAL,22,26,14,12,6.5,3.1,1.0,1.9,54.0,0.0,0.0,0.0,1.0,1.7,62.8,0.6,1.7,2.3,0.0,0.5,0.1,0.3,1.1,6.8,0,0,0.1
Tony_Bradley,CHI,24,46,26,20,11.0,3.1,1.4,2.4,58.7,0.0,0.0,0.0,0.3,0.5,66.7,1.3,2.4,3.7,0.5,0.6,0.2,0.7,1.2,10.4,0,0,1.7
Nathan_Knight,MIN,24,29,16,13,6.8,3.1,0.9,1.9,48.2,0.1,0.3,25.0,1.1,1.6,70.2,0.8,1.3,2.1,0.5,0.5,0.2,0.2,1.0,7.1,1,0,0.2
Charles_Bassey,PHI,21,23,11,12,7.3,3.0,1.3,2.0,63.8,0.0,0.2,0.0,0.4,0.5,75.0,1.0,1.7,2.7,0.3,0.3,0.2,0.7,1.4,9.2,1,0,-1.5
Daniel_Oturu,TOR,22,3,1,2,9.1,3.0,1.0,2.0,50.0,0.0,0.3,0.0,1.0,1.7,60.0,0.3,1.3,1.7,0.0,0.0,0.0,0.7,0.3,7.0,0,0,-8.0
Paris_Bass,PHX,26,2,2,0,3.7,3.0,1.0,3.0,33.3,0.0,1.0,0.0,1.0,1.0,100,1.0,1.0,2.0,0.0,1.0,0.5,0.0,1.0,5.9,0,0,1.0
Rodney_Hood,LAC,29,44,26,18,13.9,3.0,1.1,3.1,34.8,0.6,1.9,30.5,0.3,0.3,92.9,0.3,1.3,1.5,0.7,0.2,0.3,0.1,0.6,7.0,0,0,-0.8
Sandro_Mamukelashvili,MIL,22,34,19,15,9.3,3.0,1.1,2.5,45.9,0.4,1.1,38.5,0.3,0.4,75.0,0.8,0.9,1.8,0.5,0.3,0.2,0.2,0.6,6.8,0,0,-3.5
Trevon_Scott,CLE,25,2,1,1,5.7,3.0,1.5,3.0,50.0,0.0,0.5,0.0,0.0,0.0,0.0,0.5,0.5,1.0,0.0,0.0,0.5,0.5,1.0,7.2,0,0,2.0
Jordan_McLaughlin,MIN,25,47,27,20,13.4,3.0,1.1,3.0,37.4,0.3,1.1,22.2,0.5,0.7,74.2,0.3,1.2,1.5,2.8,0.5,0.9,0.1,0.7,11.3,1,0,0.3
Tomas_Satoransky,WAS,30,36,15,21,14.8,2.9,1.0,3.1,31.9,0.2,0.9,18.2,0.8,0.9,79.4,0.5,1.4,2.0,2.3,0.7,0.4,0.1,1.0,9.6,0,0,-4.5
Udonis_Haslem,MIA,41,9,7,2,6.3,2.9,1.2,2.4,50.0,0.1,0.2,50.0,0.3,0.3,100,0.4,1.6,2.0,0.3,0.3,0.1,0.1,1.2,6.1,0,0,1.3
Denzel_Valentine,UTA,28,24,14,10,9.2,2.9,1.0,2.8,37.9,0.8,2.0,40.4,0.0,0.0,0.0,0.4,1.4,1.8,0.5,0.5,0.3,0.0,0.8,6.2,0,0,-1.1
Kevin_Knox_II,ATL,22,23,12,11,7.8,2.9,1.0,2.7,34.9,0.5,1.7,27.5,0.5,0.7,68.8,0.5,1.0,1.5,0.3,0.3,0.1,0.0,0.5,5.4,0,0,-2.3
Semi_Ojeleye,LAC,27,25,14,11,13.5,2.8,0.9,3.2,28.8,0.5,1.8,28.9,0.5,0.6,75.0,1.0,1.4,2.4,0.2,0.3,0.2,0.2,1.1,6.9,0,0,-6.0
Tyler_Johnson,SAS,29,6,2,4,15.2,2.8,1.0,3.3,30.0,0.8,2.2,38.5,0.0,0.0,0.0,0.5,1.5,2.0,1.2,0.3,0.5,0.5,1.2,9.7,0,0,-1.0
Aleem_Ford,ORL,24,5,2,3,14.7,2.8,1.2,4.0,30.0,0.4,3.0,13.3,0.0,0.0,0.0,0.4,2.6,3.0,0.4,0.8,0.2,0.0,1.4,6.8,0,0,-7.0
Quinndary_Weatherspoon,GSW,25,5,4,1,6.6,2.8,1.2,2.0,60.0,0.0,0.2,0.0,0.4,0.4,100,0.2,1.0,1.2,0.4,0.6,0.2,0.2,1.4,5.4,0,0,-0.8
Thanasis_Antetokounmpo,MIL,29,38,21,17,9.7,2.8,1.2,2.3,49.4,0.0,0.3,9.1,0.4,0.7,61.5,0.9,1.3,2.2,0.5,0.5,0.4,0.2,1.6,7.4,0,0,-3.0
Jay_Scrubb,LAC,21,18,8,10,6.7,2.7,1.0,2.6,39.1,0.3,1.2,28.6,0.4,0.6,70.0,0.1,0.8,0.9,0.4,0.4,0.2,0.2,0.5,5.2,0,0,0.9
Haywood_Highsmith,MIA,25,9,7,2,10.0,2.7,0.9,2.6,34.8,0.7,1.7,40.0,0.2,0.4,50.0,0.6,1.0,1.6,0.0,0.1,0.1,0.2,0.8,5.4,0,0,-4.7
Devon_Dotson,CHI,22,11,5,6,7.7,2.6,1.0,2.1,47.8,0.2,0.8,22.2,0.5,0.8,55.6,0.1,0.7,0.8,1.4,0.5,0.1,0.0,1.0,5.5,0,0,-0.2
JT_Thor,CHA,19,24,12,12,9.8,2.6,1.0,2.2,44.2,0.3,1.1,26.9,0.4,0.6,71.4,0.5,1.1,1.6,0.8,0.3,0.3,0.4,1.0,7.6,0,0,0.8
Gary_Clark,NOP,27,31,17,14,9.9,2.6,0.8,2.2,37.7,0.7,1.9,39.7,0.2,0.3,75.0,0.5,1.9,2.4,0.4,0.2,0.3,0.2,0.5,7.5,0,0,-0.5
Chris_Silva,MIA,25,10,7,3,9.1,2.6,0.8,1.5,53.3,0.0,0.0,0.0,1.0,1.2,83.3,1.3,2.3,3.6,0.7,0.8,0.0,0.1,2.0,7.5,0,0,-2.9
Isaiah_Livers,DET,23,5,3,2,7.8,2.6,1.0,3.4,29.4,0.6,2.2,27.3,0.0,0.0,0.0,0.8,0.0,0.8,0.6,0.2,0.2,0.2,0.8,5.5,0,0,-2.2
Gabriel_Deck,OKC,27,7,2,5,7.9,2.6,1.1,2.0,57.1,0.3,0.6,50.0,0.0,0.0,0.0,0.1,0.7,0.9,0.7,0.3,0.1,0.0,0.3,4.8,0,0,-2.0
Mason_Jones,LAL,23,2,0,2,4.4,2.5,1.0,4.0,25.0,0.0,1.0,0.0,0.5,1.0,50.0,0.5,0.5,1.0,0.0,0.5,0.5,0.0,0.5,4.7,0,0,-2.0
Dylan_Windler,CLE,25,38,23,15,9.2,2.5,0.9,2.1,42.3,0.6,1.4,38.2,0.2,0.2,77.8,0.4,1.3,1.7,0.7,0.3,0.2,0.1,1.0,6.0,0,0,-0.4
Josh_Okogie,MIN,23,36,15,21,11.7,2.5,0.7,2.1,34.7,0.3,1.0,27.8,0.8,1.1,65.9,0.7,1.1,1.8,0.5,0.6,0.5,0.3,1.2,7.1,0,0,0.6
Abdel_Nader,PHX,28,14,11,3,10.4,2.4,0.9,2.5,34.3,0.3,1.0,28.6,0.4,0.7,60.0,0.3,1.6,1.9,0.5,0.8,0.6,0.3,1.4,7.3,0,0,-0.1
Bol_Bol,ORL,22,14,5,9,5.8,2.4,1.1,1.9,55.6,0.1,0.3,25.0,0.1,0.4,40.0,0.3,1.1,1.4,0.4,0.3,0.1,0.1,0.3,5.0,0,0,0.4
Freddie_Gillespie,ORL,24,9,1,8,13.2,2.3,1.0,2.4,40.9,0.0,0.1,0.0,0.3,0.8,42.9,1.4,2.6,4.0,0.6,0.6,0.3,1.0,2.0,11.4,0,0,-3.2
Paul_Reed,PHI,22,27,14,13,8.7,2.3,1.0,2.3,45.9,0.0,0.2,20.0,0.1,0.4,40.0,1.1,1.3,2.4,0.4,0.3,0.7,0.4,1.4,8.9,0,0,-2.1
Justin_Champagnie,TOR,20,35,20,15,7.8,2.2,0.9,1.9,46.2,0.3,0.7,34.6,0.3,0.3,100,1.1,0.9,2.0,0.3,0.2,0.2,0.1,0.9,5.8,0,0,1.7
Javonte_Smart,MIA,22,14,9,5,11.5,2.2,0.8,3.1,25.6,0.3,1.3,22.2,0.4,0.4,83.3,0.3,1.1,1.4,1.0,0.6,0.3,0.1,0.8,6.0,0,0,-2.1
Joe_Wieskamp,SAS,22,17,5,12,5.6,2.2,0.8,1.7,44.8,0.5,1.2,40.0,0.2,0.4,42.9,0.2,0.3,0.5,0.3,0.1,0.2,0.1,0.4,4.0,0,0,0.1
Justin_Jackson,PHX,26,7,6,1,5.2,2.1,0.7,2.1,33.3,0.4,1.3,33.3,0.3,0.3,100,0.1,0.9,1.0,0.3,0.1,0.0,0.0,0.4,3.6,0,0,-1.9
Wenyen_Gabriel,LAL,24,8,3,5,6.4,2.1,0.8,2.0,37.5,0.4,0.9,42.9,0.3,0.5,50.0,0.9,1.4,2.3,0.3,0.4,0.1,0.3,1.4,6.0,0,0,1.0
Chris_Chiozza,GSW,26,26,18,8,10.7,2.1,0.7,2.5,29.2,0.6,1.7,37.2,0.0,0.0,100,0.3,0.8,1.2,1.8,0.8,0.3,0.0,0.9,6.4,0,0,-0.5
Neemias_Queta,SAC,22,10,2,8,5.6,2.1,0.9,2.3,39.1,0.0,0.0,0.0,0.3,0.5,60.0,1.1,0.8,1.9,0.4,0.4,0.1,0.4,1.1,6.1,0,0,-0.5
Ahmad_Caver,IND,25,1,0,1,0.8,2.0,1.0,1.0,100,0.0,0.0,0.0,0.0,0.0,0.0,0.0,0.0,0.0,0.0,0.0,0.0,0.0,0.0,2.0,0,0,2.0
Cassius_Winston,WAS,24,5,1,4,5.4,2.0,0.6,1.2,50.0,0.4,1.0,40.0,0.4,0.4,100,0.0,0.0,0.0,1.0,0.2,0.0,0.0,1.4,3.3,0,0,-0.8
Craig_Sword,WAS,28,3,1,2,6.3,2.0,1.0,1.3,75.0,0.0,0.3,0.0,0.0,0.0,0.0,0.0,0.0,0.0,0.3,0.3,1.3,0.0,2.3,6.2,0,0,0.3
Damyean_Dotson,NYK,27,2,1,1,10.3,2.0,1.0,2.0,50.0,0.0,0.5,0.0,0.0,0.0,0.0,0.0,1.0,1.0,0.5,0.0,0.0,0.0,0.0,4.0,0,0,1.5
Jemerrio_Jones,LAL,26,2,0,2,7.4,2.0,1.0,1.5,66.7,0.0,0.0,0.0,0.0,0.0,0.0,1.0,0.5,1.5,0.0,0.0,0.5,0.0,1.0,5.3,0,0,-6.5
PLAYER,TEAM,AGE,GP,W,L,MIN,PTS,FGM,FGA,FG%,3PM,3PA,3P%,FTM,FTA,FT%,OREB,DREB,REB,AST,TOV,STL,BLK,PF,FP,DD2,TD3,+/-
Joe_Johnson,BOS,40,1,1,0,2.0,2.0,1.0,1.0,100,0.0,0.0,0.0,0.0,0.0,0.0,0.0,0.0,0.0,0.0,0.0,0.0,0.0,0.0,2.0,0,0,-5.0
Langston_Galloway,MIL,30,7,4,3,15.2,2.0,0.9,3.7,23.1,0.3,2.3,12.5,0.0,0.0,0.0,0.4,2.1,2.6,1.7,0.9,0.1,0.0,1.0,7.2,0,0,-1.7
Mac_McClung,CHI,23,1,1,0,2.6,2.0,1.0,1.0,100,0.0,0.0,0.0,0.0,0.0,0.0,0.0,0.0,0.0,0.0,1.0,0.0,0.0,0.0,1.0,0,0,-2.0
Norvel_Pelle,UTA,29,3,0,3,6.3,2.0,1.0,1.7,60.0,0.0,0.0,0.0,0.0,0.0,0.0,1.0,1.0,2.0,0.0,0.7,0.0,0.3,0.3,4.7,0,0,-6.3
Rayjon_Tucker,DEN,24,3,1,2,9.8,2.0,0.3,0.7,50.0,0.3,0.7,50.0,1.0,1.3,75.0,0.3,1.0,1.3,1.3,0.0,0.3,0.0,1.0,6.6,0,0,1.0
Shaquille_Harrison,BKN,28,2,1,1,11.3,2.0,1.0,3.0,33.3,0.0,1.0,0.0,0.0,0.0,0.0,0.5,1.5,2.0,1.5,1.0,0.5,0.5,1.5,8.7,0,0,-2.0
Keljin_Blevins,POR,26,16,4,12,7.5,1.9,0.8,2.1,36.4,0.4,1.3,33.3,0.0,0.1,0.0,0.4,0.4,0.8,0.6,0.5,0.1,0.1,0.4,3.7,0,0,-4.6
Jalen_Johnson,ATL,20,15,10,5,4.5,1.9,0.7,1.5,50.0,0.2,0.5,37.5,0.3,0.4,66.7,0.0,1.1,1.1,0.1,0.3,0.0,0.1,0.2,3.3,0,0,-1.3
Jake_Layman,MIN,28,25,15,10,7.1,1.9,0.8,2.0,37.3,0.2,1.0,15.4,0.2,0.3,75.0,0.2,0.8,1.0,0.3,0.3,0.2,0.2,0.4,4.4,0,0,-1.8
Marko_Simonovic,CHI,22,9,4,5,3.9,1.9,0.4,1.7,26.7,0.1,0.6,20.0,0.9,1.2,72.7,0.6,0.6,1.1,0.0,0.2,0.1,0.1,0.7,3.7,0,0,0.3
Sam_Hauser,BOS,24,13,9,4,4.8,1.8,0.6,1.6,38.1,0.6,1.6,38.1,0.0,0.0,0.0,0.1,0.5,0.6,0.3,0.1,0.1,0.1,0.3,3.4,0,0,-0.7
Ish_Wainright,PHX,27,33,27,6,7.2,1.8,0.7,1.9,37.1,0.3,1.1,31.4,0.1,0.2,42.9,0.6,0.6,1.2,0.3,0.3,0.3,0.2,1.1,4.7,0,0,1.1
Georgios_Kalaitzakis,MIL,23,9,7,2,5.3,1.8,0.6,1.2,45.5,0.2,0.4,50.0,0.4,1.0,44.4,0.4,0.4,0.9,0.0,0.4,0.1,0.1,0.9,3.1,0,0,-5.4
Alize_Johnson,NOP,25,21,13,8,7.0,1.8,0.8,1.5,50.0,0.0,0.2,0.0,0.2,0.5,50.0,1.1,1.4,2.5,0.4,0.5,0.1,0.0,0.8,5.3,0,0,-2.7
Miles_McBride,NYK,21,25,10,15,7.2,1.8,0.7,2.5,27.0,0.3,1.4,19.4,0.1,0.2,75.0,0.1,0.6,0.7,1.0,0.1,0.3,0.0,0.8,5.1,0,0,2.4
Eugene_Omoruyi,DAL,25,4,1,3,4.5,1.8,0.5,1.3,40.0,0.3,0.5,50.0,0.5,1.0,50.0,0.5,1.3,1.8,0.5,0.0,0.0,0.0,0.5,4.6,0,0,0.8
Theo_Pinson,DAL,26,16,11,5,7.5,1.8,0.6,2.0,28.1,0.4,1.6,24.0,0.3,0.3,100,0.1,1.1,1.2,0.8,0.1,0.3,0.1,0.6,5.4,0,0,-3.1
Willie_Cauley-Stein,PHI,28,20,12,8,9.1,1.7,0.8,1.8,45.7,0.1,0.1,50.0,0.1,0.1,50.0,0.7,1.4,2.0,0.5,0.4,0.3,0.2,1.0,5.9,0,0,1.2
McKinley_Wright_IV,MIN,23,3,3,0,2.9,1.7,0.7,1.0,66.7,0.3,0.7,50.0,0.0,0.0,0.0,0.0,0.0,0.0,0.3,0.3,0.0,0.0,0.3,1.8,0,0,-3.0
Wayne_Selden,NYK,27,3,2,1,6.4,1.7,0.3,1.3,25.0,0.3,0.7,50.0,0.7,1.3,50.0,0.0,0.3,0.3,0.3,0.0,0.0,0.0,0.3,2.6,0,0,-4.3
Kevin_Pangos,CLE,29,24,16,8,6.9,1.6,0.6,1.9,32.6,0.3,1.1,23.1,0.1,0.2,75.0,0.1,0.4,0.5,1.3,0.3,0.1,0.0,0.5,4.1,0,0,-1.5
Isaiah_Todd,WAS,20,10,1,9,4.1,1.6,0.5,1.7,29.4,0.4,1.1,36.4,0.2,0.6,33.3,0.2,0.8,1.0,0.3,0.1,0.2,0.2,0.1,4.4,0,0,-0.1
Vernon_Carey_Jr.,WAS,21,5,3,2,3.6,1.6,0.6,1.2,50.0,0.0,0.0,0.0,0.4,0.6,66.7,0.6,0.4,1.0,0.0,0.2,0.2,0.0,0.2,3.2,0,0,-4.4
Charlie_Brown_Jr.,PHI,25,19,14,5,9.1,1.6,0.5,2.1,25.6,0.1,0.6,8.3,0.5,0.5,90.0,0.7,0.9,1.7,0.3,0.3,0.5,0.2,0.9,6.0,0,0,-1.1
Emmanuel_Mudiay,SAC,26,2,0,2,5.5,1.5,0.0,1.0,0.0,0.0,0.0,0.0,1.5,2.0,75.0,0.0,0.0,0.0,2.0,0.5,0.5,0.0,0.5,5.5,0,0,-3.5
Rob_Edwards,OKC,25,2,0,2,5.4,1.5,0.5,2.0,25.0,0.5,2.0,25.0,0.0,0.0,0.0,0.0,1.5,1.5,0.0,0.5,0.0,0.0,0.0,2.8,0,0,-7.0
Ryan_Arcidiacono,NYK,27,2,1,1,3.7,1.5,0.5,0.5,100,0.5,0.5,100,0.0,0.0,0.0,0.0,0.0,0.0,0.0,0.0,0.0,0.0,0.0,1.5,0,0,-1.0
Brodric_Thomas,BOS,25,9,5,4,4.9,1.4,0.6,1.4,38.5,0.1,0.8,14.3,0.2,0.4,50.0,0.2,0.4,0.7,0.7,0.4,0.0,0.1,0.7,3.1,0,0,0.6
RJ_Nembhard_Jr.,CLE,22,9,5,4,5.8,1.4,0.7,1.7,40.0,0.0,0.2,0.0,0.1,0.2,50.0,0.1,0.3,0.4,1.2,0.2,0.0,0.0,0.2,3.6,0,0,-0.2
Darren_Collison,LAL,34,3,1,2,12.4,1.3,0.7,2.3,28.6,0.0,1.0,0.0,0.0,0.0,0.0,0.0,1.3,1.3,0.7,0.3,0.3,0.0,1.7,4.6,0,0,-4.7
Bruno_Fernando,HOU,23,22,14,8,3.3,1.3,0.5,1.0,50.0,0.0,0.1,50.0,0.3,0.4,75.0,0.5,0.5,1.0,0.2,0.3,0.0,0.1,0.4,2.8,0,0,-1.8
Leandro_Bolmaro,MIN,21,26,14,12,7.4,1.3,0.4,1.4,30.6,0.2,0.6,26.7,0.3,0.3,88.9,0.6,0.8,1.4,0.5,0.5,0.2,0.0,0.8,3.9,0,0,-1.0
Usman_Garuba,HOU,19,15,2,13,7.0,1.3,0.5,1.6,33.3,0.1,0.9,15.4,0.1,0.1,50.0,0.6,1.7,2.3,0.5,0.2,0.5,0.4,0.6,7.2,0,0,2.6
Jeff_Dowtin,MIL,24,5,4,1,6.1,1.2,0.6,1.4,42.9,0.0,0.4,0.0,0.0,0.0,0.0,0.2,1.2,1.4,0.6,0.2,0.0,0.2,0.4,4.2,0,0,2.6
Juancho_Hernangomez,UTA,26,26,13,13,6.1,1.2,0.3,1.3,22.9,0.2,0.9,17.4,0.4,0.7,64.7,0.5,1.0,1.5,0.3,0.3,0.2,0.1,0.3,4.0,0,0,-1.7
Myles_Powell,PHI,24,11,8,3,4.7,1.2,0.5,1.5,29.4,0.1,0.5,16.7,0.2,0.2,100,0.1,0.5,0.5,0.3,0.3,0.1,0.0,0.7,2.2,0,0,-1.6
Ed_Davis,CLE,32,21,12,9,7.3,1.1,0.5,0.7,66.7,0.0,0.0,0.0,0.2,0.6,33.3,0.5,2.0,2.4,0.2,0.2,0.1,0.4,1.3,5.7,0,0,0.1
Jericho_Sims,NYK,23,23,8,15,8.5,1.1,0.5,0.7,64.7,0.0,0.0,0.0,0.2,0.4,40.0,1.0,1.6,2.6,0.3,0.2,0.2,0.4,1.3,6.3,0,0,-0.8
Tacko_Fall,CLE,26,11,4,7,5.3,1.1,0.5,1.1,41.7,0.0,0.0,0.0,0.2,0.6,28.6,0.6,1.5,2.1,0.2,0.3,0.0,0.5,0.3,5.2,0,0,0.5
Marcus_Garrett,MIA,23,12,11,1,10.7,1.1,0.4,1.8,23.8,0.1,0.3,25.0,0.2,0.4,40.0,0.8,1.2,1.9,0.6,0.2,0.4,0.3,1.3,6.1,0,0,1.4
Petr_Cornelie,DEN,26,13,3,10,2.9,1.1,0.4,1.2,33.3,0.1,0.6,12.5,0.2,0.3,75.0,0.5,0.5,1.1,0.2,0.3,0.1,0.1,0.5,2.9,0,0,0.6
Kai_Jones,CHA,21,19,12,7,3.0,1.1,0.4,0.7,61.5,0.1,0.1,50.0,0.2,0.4,37.5,0.2,0.4,0.5,0.2,0.3,0.1,0.0,0.4,1.8,0,0,-0.4
Braxton_Key,PHI,25,2,2,0,3.2,1.0,0.5,1.0,50.0,0.0,0.5,0.0,0.0,0.0,0.0,0.5,0.5,1.0,0.5,1.0,0.5,0.0,0.5,3.5,0,0,-2.5
Dakota_Mathias,MEM,26,6,5,1,2.7,1.0,0.3,1.0,33.3,0.3,1.0,33.3,0.0,0.0,0.0,0.0,0.3,0.3,0.2,0.0,0.2,0.0,0.2,2.2,0,0,-1.8
Deividas_Sirvydis,DET,21,3,1,2,8.9,1.0,0.3,3.3,10.0,0.3,2.3,14.3,0.0,0.0,0.0,0.0,2.0,2.0,0.3,0.0,1.0,0.3,1.3,7.9,0,0,-9.3
Jaden_Springer,PHI,19,2,2,0,2.8,1.0,0.5,0.5,100,0.0,0.0,0.0,0.0,0.0,0.0,0.5,0.5,1.0,0.0,0.5,0.0,1.0,0.0,4.7,0,0,-4.0
Shaq_Buchanan,MEM,25,2,2,0,4.9,1.0,0.5,2.0,25.0,0.0,1.0,0.0,0.0,0.0,0.0,0.5,0.5,1.0,1.0,1.0,0.5,0.0,0.5,4.2,0,0,-1.0
Tyrell_Terry,MEM,21,2,2,0,1.5,1.0,0.5,0.5,100,0.0,0.0,0.0,0.0,0.0,0.0,0.0,0.0,0.0,0.0,0.0,0.0,0.0,0.5,1.0,0,0,-1.0
Carlik_Jones,DEN,24,5,3,2,4.7,0.8,0.2,1.8,11.1,0.0,0.2,0.0,0.4,0.4,100,0.2,0.4,0.6,1.0,0.6,0.2,0.0,0.0,3.0,0,0,-4.0
Isaac_Bonga,TOR,22,14,8,6,4.8,0.8,0.2,0.9,23.1,0.1,0.3,25.0,0.3,0.4,66.7,0.3,0.2,0.5,0.3,0.1,0.5,0.1,0.7,3.6,0,0,-2.3
